nama,alamat,deskripsi
Capital O 253 Topas Galeria Hotel,"Jl. Dr. Djundjunan No. 153, 40173 Bandung, Indonesia","Berjarak 10 menit berkendara dari Bandara Internasional Husein Sastranegara Bandung, Topas Galeria Hotel memiliki sebuah kolam renang terbuka, restoran, dan kamar-kamar dengan perabotan klasik. Hotel memiliki bagian penerima tamu 24 jam, akses Wi-Fi, dan parkir pribadi gratis.Mudah diakses dari Gerbang Tol Pasteur, Hotel Topas berselang 10 menit jalan kaki dari mal-mal dan toko factory outlet terdekat. Kamar-kamar ber-AC di Topas Galleria memiliki sebuah TV dengan lebih dari 50 saluran kabel, serta lantai kayu. Untuk kenyamanan Anda, sebuah kulkas dan fasilitas membuat teh/kopi juga tersedia. Kamar mandi pribadi memiliki fasilitas shower air panas. Anda dapat bersantai di area lounge Topas Hotel, yang menampilkan seni dan kerajinan tangan Indonesia. Perencanaan perjalanan bisa dilakukan di meja tur yang juga menawarkan layanan tiket. Layanan antar-jemput bandara dan jasa penyewaan mobil juga tersedia. Menghadap kolam renang, kedai kopi bergaya Art Deco milik hotel menawarkan hidangan prasmanan internasional dan pertunjukan hiburan setiap Jumat dan Sabtu. Hidangan ringan disajikan di Cafe d'Croissant yang buka 24 jam."
Sheraton Bandung Hotel & Towers,"Jl. Ir H Juanda 390, 40135 Bandung, Indonesia","Sheraton Hotel & Towers menawarkan akomodasi bintang 5 di tengah lanskap hijau di Bandung. Semua kamar yang luas dilengkapi TV kabel layar datar. Hotel ini menawarkan kolam renang outdoor, pusat spa, dan restoran dengan pemandangan gunung. Akses Wi-Fi tersedia gratis di seluruh area hotel. Kamar-kamar elegan memiliki interior modern, perabotan dari kayu ringan, dan jendela-jendela besar. Masing-masing menyediakan area tempat duduk yang nyaman, pemutar DVD, dan kamar mandi pribadi dengan shower. Anda dapat berolahraga di gym atau menikmati perawatan tubuh di spa. Staf resepsionis siap melayani kebutuhan Anda selama 24 jam. Aneka hidangan internasional dan Asia ditawarkan di Feast Restaurant, sementara minuman ringan disajikan di Samsara Lounge. Berbagai koktail dan makanan ringan juga tersedia di Poolside Terrace. Sheraton Bandung Hotel & Towers berselang 10 menit berkendara dari Juanda Culture Park dan daerah Dago, tempat berbagai factory outlet. Bandara Husein Sastranegara dapat ditempuh dengan 30 menit berkendara."
OYO 794 Ln 9 Bandung Residence,"Jalan Lemahnendeut No 9, Sukajadi, 40164 Bandung, Indonesia ","Berlokasi nyaman di Sukajadi, Bandung, OYO 794 Ln 9 Bandung Residence berjarak 4,4 km dari Villa Isola, 5 km dari Mal Perbelanjaan Cihampelas Walk, dan 7 km dari Gedung Sate. Semua kamar memiliki TV satelit layar datar dan kamar mandi pribadi. Menyuguhkan pemandangan kota, kamar-kamarnya dilengkapi AC, meja, dan Wi-Fi gratis. Resepsionis 24 jam dapat berbahasa Inggris dan Indonesia. Jalan Riau berjarak 8 km dari hotel, sedangkan Braga City Walk berjarak 9 km. Bandara terdekat adalah Bandara Husein Sastranegara, 2,9 km dari OYO 794 Ln 9 Bandung Residence. Sukajadi adalah pilihan tepat buat wisatawan yang suka kuliner khas, pemandangan, dan wisata kuliner."
OYO 226 LJ hotel,"Jl. Malabar No.2, Malabar, Lengkong, Dago, Asia Afrika, Braga, Kota Bandung, Jawa Barat 40262, 40262 Bandung, Indonesia ","OYO 226 LJ hotel di Bandung, Jawa Barat, tepatnya 1,9 km dari Istana Merdeka dan 2,2 km dari Jalan Riau menawarkan akomodasi dengan ruang bersama, TV layar datar dengan saluran kabel, kamar mandi pribadi, AC, pemandangan kota, lemari pakaian, dan Wi-Fi gratis. Tersedia juga pilihan sarapan prasmanan dan Asia setiap pagi di hotel ini. Fasilitas lainnya adalah resepsionis 24 jam. Akomodasi ini berjarak 2,3 km dari Braga City Walk, 2,8 km dari Trans Studio Bandung, serta 9 km dari Bandara Husein Sastranegara."
OYO 230 Maleo Residence,"JI. Dangeur Indah II No. 15, Sukagalih, Sukajadi, Pasteur, Sukajadi, 40163 Bandung, Indonesia","OYO 230 Maleo Residence menawarkan akomodasi bintang 2 bebas rokok dengan balkon pribadi, AC, kamar mandi pribadi, serta Wi-Fi gratis di Bandung tepatnya 3,7 km dari Villa Isola. Kamar-kamar di hotel ini memiliki meja dan TV layar datar. Resepsionisnya yang fasih berbahasa Inggris dan Indonesia siap membantu Anda. OYO 230 Maleo Residence berjarak 5 km dari Cihampelas Walk, 6 km dari Terminal Bus Stasiun Hall, serta 2,8 km dari Bandara Husein Sastranegara. Sukajadi adalah pilihan tepat buat wisatawan yang suka kuliner khas, pemandangan, dan wisata kuliner."
OYO 167 Dago's Hill Hotel,"Jalan Tubagus Ismail VIII No. 39 A, Sekeloa, Coblong, Dago, Asia Afrika, Braga, 40134 Bandung, Indonesia ","Menawarkan akses Wi-Fi gratis di seluruh area hotel, Dago's Hill Hotel, Business and Leisure berselang 10 menit berkendara dari daerah Dago yang menawarkan beragam factory outlet. Hotel ini memiliki sebuah kolam renang outdoor dan kamar-kamar modern dengan kamar mandi pribadi. Paris Van Java Shopping Mall berjarak 20 menit berkendara dari Dago's Hill Hotel. Bandara Husein Sastranegara dan Stasiun Pusat Bandung dapa dicapai dalam 30 menit berkendara. Dibutuhkan waktu 45 menit berkendara menuju Taman Hiburan Indoor Trans Studio dari properti ini. Semua kamarnya yang lengkap menawarkan lantai keramik dan AC. Setiap kamar memiliki meja, telepon, dan TV kabel layar datar. Tersedia brankas di kamar-kamar tertentu. Kamar mandi pribadinya menyediakan fasilitas shower. Beragam fasilitasnya mencakup layanan binatu dan fasilitas rapat/perjamuan. Staf di meja depan 24 jam juga dapat mengatur penyewaan mobil dan antar-jemput bandara. Hidangan Indonesia dan internasional disajikan di restoran hotel. Anda juga dapat menikmati santapan dalam kenyamanan kamar Anda."
OYO 794 Ln 9 Bandung Residence,"Jalan Lemahnendeut No 9, Sukajadi, 40164 Bandung, Indonesia ","Berlokasi nyaman di Sukajadi, Bandung, OYO 794 Ln 9 Bandung Residence berjarak 4,4 km dari Villa Isola, 5 km dari Mal Perbelanjaan Cihampelas Walk, dan 7 km dari Gedung Sate. Semua kamar memiliki TV satelit layar datar dan kamar mandi pribadi. Menyuguhkan pemandangan kota, kamar-kamarnya dilengkapi AC, meja, dan Wi-Fi gratis. Resepsionis 24 jam dapat berbahasa Inggris dan Indonesia. Jalan Riau berjarak 8 km dari hotel, sedangkan Braga City Walk berjarak 9 km. Bandara terdekat adalah Bandara Husein Sastranegara, 2,9 km dari OYO 794 Ln 9 Bandung Residence. Sukajadi adalah pilihan tepat buat wisatawan yang suka kuliner khas, pemandangan, dan wisata kuliner."
OYO 196 Horizone Residence,"Jl. Tres.Babakan Jeruk 8A No.5a, Sukajadi, 40163 Bandung, Indonesia","OYO 196 Horizone Residence terletak strategis di Sukajadi, Bandung, hanya 4 km dari Villa Isola, 5 km dari Terminal Bus Stasiun Hall, dan 5 km dari Gedung Sate. Hotel bintang-2 ini menyediakan kamar-kamar ber-AC dengan kamar mandi pribadi dan Wi-Fi gratis. Akomodasi ini bebas rokok dan berjarak 3,9 km dari Cihampelas Walk Shopping Mall. Kamar-kamar di hotel ini dilengkapi meja dan TV layar datar. Staf resepsionis dapat berbicara dalam bahasa Inggris dan Indonesia. Jalan Riau berjarak 6 km dari OYO 196 Horizone Residence, sementara Braga City Walk terletak sejauh 6 km. Bandara terdekat adalah Bandara Husein Sastranegara, yang berjarak 2,8 km. Sukajadi adalah pilihan tepat buat wisatawan yang suka kuliner khas, pemandangan, dan wisata kuliner."
OYO 483 Flagship Tamansari Panoramic Bandung,"Jl. Soekarno-Hatta No.723, Bandung, 40292 Bandung, Indonesia","OYO 483 Flagship Tamansari Panoramic Bandung yang terletak di Bandung, 7 km dari Saung Angklung Udjo, menawarkan kamar-kamar dengan AC dan akses Wi-Fi gratis. Selain berada di lokasi yang nyaman di kawasan Buahbatu, hotel ini sejauh 10 km dari Jalan Riau. Hotel ini menawarkan kolam renang outdoor dan bagian penerima tamu 24 jam. Setiap kamar dilengkapi lemari. Selain kamar mandi pribadi, kamar-kamar di OYO 483 Flagship Tamansari Panoramic Bandung juga menyediakan akses Wi-Fi gratis bagi Anda. Ada TV layar datar dan perlengkapan mandi gratis. Gedung Sate berjarak 11 km dari OYO 483 Flagship Tamansari Panoramic Bandung. Bandara terdekat adalah Bandara Husein Sastranegara, 17 km dari hotel."
OYO 295 Grha Ciumbuleuit Residence,"Jl. Ciumbuleuit No.156, Ciumbuleuit, Cidadap, Bandung, 40142, 40142 Bandung, Indonesia","Terletak di Bukit Bandung Utara, Grha Ciumbuleuit Guest House merupakan hotel modern bergaya minimalis yang menawarkan sebuah gym dan kolam renang outdoor. Hotel ini juga menyediakan Wi-Fi dan parkir gratis. Grha Ciumbuleuit Guest House berselang 5 menit berkendara dari Cihampelas Counter Fashion dan 10 menit berkendara dari Pusat Perbelanjaan Paris Van Java. Bandara Internasional Husein Sastra Negara dapat dicapai dalam 20 menit dengan taksi. Kamar-kamarnya yang modern menawarkan AC, TV satelit/kabel layar datar, dan meja. Kamar mandi pribadinya dilengkapi dengan fasilitas shower air panas dan dingin. Penyewaan mobil dan perjalanan wisata dapat diatur di meja layanan wisata. Anda dapat menikmati pijat yang memanjakan atau bersantai di spa/pusat kesehatan. Layanan menyetrika dan dry cleaning juga tersedia. Pilihan hidangan lokal dan Barat disajikan di restoran hotel. Anda juga dapat menikmati aneka minuman seperti kopi dan jus."
OYO 193 SM Residence,"Jalan Babakan Jeruk Indah 1 No 11, Sukajadi, 40163 Bandung, Indonesia","Hanya 10 menit berkendara dari Bandara Internasional Husein Sastranegara, SM Residence menawarkan akomodasi berharga terjangkau dengan Wi-Fi gratis. Kamar-kamar dengan kipas angin dan kamar mandi dalam tersedia di properti yang bebas rokok ini. SM Residence berjarak 10 menit berkendara dari Bandung Trade Center dan 15 menit berkendara dari Rumah Mode Factory Outlet. Pasar Baru terletak sejauh 20 menit berkendara. Masing-masing kamar yang terang benderang dilengkapi dengan meja dan lemari. Unit-unit tertentu dilengkapi dengan TV kabel layar datar, sementara semua kamar mandi pribadi menyediakan fasilitas shower. Antar-jemput bandara dan penyewaan mobil dapat diatur oleh staf di meja depan. SM Residence juga menawarkan layanan kamar dan binatu untuk kenyamanan Anda. Air mineral gratis tersedia di dapur bersama. Berbagai tempat bersantap dapat ditemukan dalam jarak 5 menit jalan kaki dari properti. Sukajadi adalah pilihan tepat buat wisatawan yang suka kuliner khas, pemandangan, dan wisata kuliner."
Capital O 874 Hotel Nyland Pasteur,"Jl. Dr. Djunjunan (Terusan Pasteur) No. 125, 40162 Bandung, Indonesia","Menampilkan sebuah kolam renang outdoor, Capital O 874 Hotel Nyland Pasteur berjarak 500 meter dari Pasteur Highway. Akomodasi ini modern dan menawarkan Wi-Fi gratis di semua areanya. Anda yang berkendara dapat menikmati hak istimewa parkir gratis. Kamar-kamar ber-AC di Capital O 874 Hotel Nyland Pasteur dilengkapi dengan baik dengan TV kabel, area tempat duduk, dan meja. Setiap kamar mandi dalamnya menyediakan fasilitas shower dan perlengkapan mandi gratis. Pusat perbelanjaan Paris Van Java dan Bandara Internasional Husein Sastranegara keduanya bisa dicapai dalam 20 menit berkendara dari akomodasi."
OYO 352 Hotel Sabang,"Jl. Sabang No.101, Cihapit, Bandung Wetan, Kota Bandung, Jawa Barat, Bandung Wetan, 40114 Bandung, Indonesia","OYO 352 Hotel Sabang menyediakan akomodasi bebas rokok dengan lounge bersama, AC, Wi-Fi gratis, dan kamar mandi pribadi di Bandung tepatnya 1,2 km dari Gedung Sate, 3,3 km dari Braga City Walk, 3,4 km dari Trans Studio Bandung, serta 500 meter dari Jalan Riau. Setiap kamarnya dilengkapi dengan lemari dan TV layar datar. Resepsionisnya yang fasih berbahasa Inggris dan Indonesia akan dengan senang hati memberikan saran mengenai daerah sekitar. OYO 352 Hotel Sabang berjarak 3,9 km dari Istana Merdeka, 4,1 km dari Terminal Bus Stasiun Hall, serta 8 km dari Bandara Husein Sastranegara. Bandung Wetan adalah pilihan tepat buat wisatawan yang suka hidangan lokal, relaksasi, dan belanja baju."
Hilton Bandung,"Jalan HOS Tjokroaminoto No. 41-43 , Arjuna, Cicendo, 40172 Bandung, Indonesia","Hilton Bandung menawarkan tempat menginap yang menenangkan dengan akses Wi-Fi gratis di area umum, kolam renang atap gedung, dan 3 pilihan tempat bersantap di pusat Kota Bandung tepatnya 650 meter dari Stasiun Kereta Api Bandung, serta dekat 23 Paskal, Pasar Baru Bandung, dan Braga City Walk. Kamar-kamarnya yang luas, modern, dan bergaya memiliki AC, TV layar datar, dan minibar. Kamar mandi marmer pribadinya dilengkapi kaca tembus pandang, wastafel ganda, dan rainpancuran. Hilton Bandung berjarak sekitar 4 km dari Bandara Husein Sastranegara dan 3,5 jam berkendara dari Jakarta. Kolam renang atap gedungnya menyuguhkan pemandangan Gunung Tangkuban Perahu yang indah, dengan kursi berjemur di sekelilingnya. Hotel ini juga menyediakan gym, stasiun konektivitas, dan layanan pramutamu. Pizza yang baru dibuat dan makanan khas Barat disajikan di Fresco Restaurant, sementara Purnawarman Restaurant menawarkan hidangan Asia dan Indonesia. Minuman dan makanan ringan disajikan di Magma Lounge."
InterContinental Bandung Dago Pakar,"Jalan Resor Dago Pakar Raya 2B, Resor Dago Pakar Bandung, 40198 Bandung, Indonesia","Terletak di Bandung, InterContinental Bandung Dago Pakar menawarkan kolam renang tanpa batas yang menghadap pepohonan hijau subur dan area kebugaran. Hotel ini menyediakan meja depan 24 jam dan akses Wi-Fi gratis di seluruh areanya. Didekorasi dengan warna netral, kamar-kamarnya memiliki AC, TV satelit layar datar, area tempat duduk, dan fasilitas menyetrika. Semua kamar juga menyediakan minibar, kulkas, dan meja. Kamar mandi en suitenya menawarkan pengering rambut, bathtub atau shower, dan perlengkapan mandi gratis. InterContinental Bandung Dago Pakar memiliki fasilitas pertemuan/perjamuan dan pusat bisnis. Layanan pramutamu siap membantu Anda dengan fasilitas penitipan bagasi. Layanan penyewaan mobil dan antar-jemput bandara juga dapat diatur dengan biaya tambahan. Fasilitas lain yang ditawarkan adalah layanan binatu, dry cleaning, dan menyetrika dengan biaya tambahan. Hidangan lokal dan internasional dapat dinikmati di Damai Restaurant di hotel. InterContinental Bandung Dago Pakar dapat dicapai dalam 25 menit dengan berkendara dari Gedung Sate dan dalam 45 menit dari Trans Studio Bandung. Bandara Internasional Husein Sastranegara dapat dijangkau dalam 40 menit dengan berkendara."
Aryaduta Bandung,"Jalan Sumatera No. 51, Bandung Wetan, 40014 Bandung, Indonesia","Hotel Aryaduta Bandung menawarkan akomodasi bintang 5 di jantung kota Bandung, hanya 5 menit berkendara dari semua factory outlet utama dan daerah Braga Street yang kuno. Hotel ini memiliki jalan yang terhubung ke Bandung Indah Plaza Mall. Tersedia kolam renang outdoor, pusat kebugaran, dan layanan spa yang memanjakan. Wi-Fi dapat diakses gratis di seluruh areanya. Kamar-kamarnya dilengkapi dengan lantai berkarpet dan didekorasi dengan warna-warna netral. TV kabel/satelit layar datar, minibar, dan brankas pribadi juga disediakan. Kamar mandi dalamnya menyediakan shower air panas dan sandal. Hotel Aryaduta Bandung dapat dicapai dalam 10 menit berjalan kaki dari Stasiun KA St Hall dan 45 menit berkendara dari Kawah Tangkuban Perahu. Parkir gratis tersedia. Bandara Internasional Husein Sastranegara dapat dicapai dalam 20 menit berkendara. Resepsionis 24-jam dan layanan kamar 24-jam disediakan untuk menambah kenyamanan Anda. Taruma Kafe menyajikan sarapan prasmanan setiap hari, serta hidangan internasional dan kontinental. Hotel ini juga menawarkan hidangan Kanton di Cha Yuen Chinese Restaurant dan berbagai kue serta roti yang baru dipanggang di Cinnamon Pastry Boutique. Pilihan tempat bersantap lainnya dapat Anda temukan dalam 10 menit berkendara dari hotel. Bandung Wetan adalah pilihan tepat buat wisatawan yang suka hidangan lokal, relaksasi, dan belanja baju."
Art Deco Luxury Hotel & Residence,"Jalan Rancabentang No.2, Ciumbuleuit, 40142 Bandung, Indonesia","Terletak di Bandung, Jawa Barat dan berjarak 1,8 km dari Villa Isola, Art Deco Luxury Hotel & Residence memiliki kolam renang outdoor dan hot tub. Anda dapat menikmati minuman di bar hotel. Semua kamar dilengkapi dengan TV dan kamar mandi pribadi. Jubah mandi, sandal, dan perlengkapan mandi gratis disediakan untuk kenyamanan Anda. Resepsionis beroperasi 24 jam. Cihampelas Walk berjarak 2,7 km dari Art Deco Luxury Hotel & Residence, sementara Dago Pakar terletak sejauh 2,9 km. Bandara terdekat adalah Bandara Husein Sastranegara, 5 km dari Art Deco Luxury Hotel & Residence."
Crowne Plaza Bandung,"Jl. Lembong No. 19, Sumurbandung, 40111 Bandung, Indonesia","Berlokasi strategis di jantung kota Bandung, Crowne Plaza Bandung menawarkan 4 pilihan tempat makan dan kolam renang luar ruangan. Tersedia akses Wi-Fi gratis di seluruh areanya. Kamar-kamarnya yang modern dan elegan memiliki AC, iPod dock, dan TV kabel layar datar. Tersedia juga sofa, brankas pribadi, dan minibar. Kamar mandi dalamnya dilengkapi dengan shower, bathtub, dan pengering rambut. Anda dapat menikmati pemandangan kota dan gunung. Mosaic All Day Dining Restaurant menyajikan berbagai hidangan khas Indonesia dan internasional yang lezat, sementara kopi dan makanan penutup dapat dicicipi di Connexions Lobby's Lounge. Berbagai tempat bersantap dapat ditemukan di Braga Citywalk, 5 menit berjalan kaki dari hotel. Hotel ini menawarkan pusat kebugaran, pusat bisnis, dan fasilitas rapat. Staf di meja depan 24 jam dapat membantu Anda dengan layanan parkir valet, penitipan bagasi, dan binatu. Fasilitas lain yang ditawarkan adalah klub anak-anak dan spa dengan perawatan yang menenangkan. Crowne Plaza Bandung dapat dicapai dalam 5 menit dengan berjalan kaki dari Braga dan dalam 10 menit dari Katedral Bandung. Stasiun Kereta Bandung dapat dicapai dalam 15 menit dengan berkendara, sedangkan Bandara Internasional Husein Sastranegara dalam 25 menit. Sumurbandung adalah pilihan tepat buat wisatawan yang suka belanja baju, kuliner khas, dan hidangan lokal."
Best Western Premier La Grande Bandung,"Jl. Merdeka No. 25 - 29, Sumurbandung, 40117 Bandung, Indonesia","Best Western Premier La Grande Bandung adalah sebuah hotel modern dengan kolam renang indoor dan spa, serta berjarak 900 meter dari Braga City Walk. Properti ini menyediakan pusat kebugaran dan akses Wi-Fi gratis. Didekorasi dengan warna netral, kamar-kamar ber-AC-nya dilengkapi dengan TV kabel layar datar, ketel listrik dan minibar. Setiap kamar juga kedap suara dan memiliki sofa untuk kenyamanan Anda. Setiap kamar mandi en suite dilengkapi dengan pengering rambut, sandal, dan jubah mandi. Anda dapat menikmati pemandangan kota dari kamar. Di Best Western Premier La Grande Bandung, Anda dapat mencicipi berbagai hidangan, baik di restoran atau tempat makan di dalam hotel. Layanan penyewaan mobil serta antar-jemput ke bandara dan area sekitarnya tersedia berdasarkan permintaan. Fasilitas lainnya seperti binatu dan dry cleaning ditawarkan untuk kenyamanan Anda. Gedung Sate berjarak 1,2 km dari Best Western Premier La Grande Bandung. Bandara terdekat adalah Bandara Husein Sastranegara, 4 km dari akomodasi. Sumurbandung adalah pilihan tepat buat wisatawan yang suka belanja baju, kuliner khas, dan hidangan lokal."
éL Hotel Royale Bandung,"Jalan Merdeka 2, Sumurbandung, 40111 Bandung, Indonesia","éL Hotel Royale Bandung berada dalam jarak berjalan kaki dari Jalan Braga yang bersejarah. Hotel ini menyediakan Wi-Fi gratis, restoran, dan ATM untuk kenyamanan Anda. Menikmati lokasi sentral di Bandung, éL Hotel Royale Bandung menawarkan akses mudah ke Museum Asia Afrika. Akomodasi bisa dijangkau dalam 5 menit berkendara dari kawasan bisnis kota Bandung, serta hanya 15 menit berkendara dari Bandara Internasional Husein Sastranegara. Kamar-kamar di éL Hotel Royale Bandung memiliki TV, brankas, dan fasilitas membuat teh/kopi. Kamar mandinya memiliki bak mandi dan shower. Studionya menawarkan dapur kecil, ruang makan, dan TV layar datar. Untuk perjalanan dan kebutuhan profesional Anda, hotel ini memiliki meja layanan wisata dan pusat bisnis. Layanan binatu dan dry cleaning tersedia. Restoran éL Hotel Royale Bandung menyajikan masakan Indonesia, Tiongkok, dan Barat. Layanan kamar juga tersedia. Sumurbandung adalah pilihan tepat buat wisatawan yang suka belanja baju, kuliner khas, dan hidangan lokal."
Courtyard by Marriott Bandung Dago,"Jl. Ir. H. Juanda No 31 - 33, Bandung Wetan, 40116 Bandung, Indonesia","Courtyard by Marriott Bandung Dago terletak di Bandung, 650 meter dari tempat perbelanjaan di Kartika Sari Dago dan Jalan Riau. Hotel ini dikelilingi oleh pepohonan kelapa, serta menawarkan sebuah kolam renang luar ruangan dan spa dengan layanan lengkap. Courtyard by Marriott Bandung Dago menyediakan antar-jemput gratis ke Bandara Husein Sastranegara, 6 km dari hotel. Akomodasi ini dapat dicapai dengan 10 menit naik taksi dari Stasiun Kereta Api Kebon Kawung. Area parkir tersedia gratis di lokasi. Kamar-kamarnya memiliki AC, dekorasi bergaya modern, lantai karpet, dan perabotan kayu yang elegan. Setiap kamar memiliki TV layar datar dan fasilitas membuat teh/kopi. Tersedia juga brankas pribadi dan pengering rambut. The Spa menyediakan facial santai dan pijat Indonesia. Hotel juga memiliki gym lengkap, penyewaan mobil untuk menjelajahi Bandung, serta berbagai fasilitas di pusat bisnis. MoMo Café menyajikan sarapan prasmanan setiap hari, serta masakan internasional. Koktail dan hiburan live dapat dinikmati di Bar@Dago. Bandung Wetan adalah pilihan tepat buat wisatawan yang suka hidangan lokal, relaksasi, dan belanja baju."
Four Points by Sheraton Bandung,"Jalan Ir. H. Djuanda 46, Bandung Wetan, 40115 Bandung, Indonesia","Four Points by Sheraton Bandung menawarkan sebuah kolam renang luar ruangan dan 3 pilihan tempat makan, 700 meter dari Gedung Sate yang ikonik. Anda dapat menggunakan fasilitas parkir gratis jika membawa kendaraan. Tersedia akses Wi-Fi gratis di seluruh area. Setiap kamarnya ber-AC dan dilengkapi dengan TV satelit layar datar, minibar, dan iPod dock. Kamar mandi pribadinya dilengkapi dengan shower, jubah mandi, dan pengering rambut. Beberapa kamar memiliki bathtub. Saffron Restaurant menyajikan masakan Indonesia dan internasional, sedangkan Bar Kolam Renang Citrus Best Brew menawarkan makanan dan minuman ringan. Anda juga bisa memesan layanan kamar. Anda dapat berenang di kolam renang atau berolahraga di gym. Bagian penerima tamu 24/7 dapat membantu Anda dengan parkir valet dan penyimpanan bagasi gratis. Antar-jemput bandara dan penyewaan mobil dapat diatur dengan biaya tambahan. Four Points by Sheraton Bandung berjarak 1,1 km dari Jalan Riau dan 1,2 km dari Jalan Cihampelas. Bandara Husein Sastranegara berjarak 4 km. Bandung Wetan adalah pilihan tepat buat wisatawan yang suka hidangan lokal, relaksasi, dan belanja baju."
Mercure Bandung City Centre,"Jalan Lengkong Besar No 8, 40261 Bandung, Indonesia","Mercure Bandung City Center terletak di Bandung, berjarak 700 meter dari Istana Merdeka, dan memiliki kolam renang outdoor, pusat kebugaran, dan bar. Di antara berbagai fasilitas di akomodasi mencakup restoran, resepsionis 24 jam, dan layanan kamar, serta Wi-Fi gratis. Akomodasi ini bebas-rokok dan berjarak 1,5 km dari Braga City Walk. Semua kamar di hotel dilengkapi dengan area tempat duduk. Di Mercure Bandung City Centre, semua kamar mencakup meja, TV layar datar, dan kamar mandi pribadi. Pilihan sarapan prasmanan dan Amerika tersedia setiap pagi di akomodasi. Terminal Bus Stasiun Hall berjarak 2 km dari Pusat Kota Bandung, sedangkan Trans Studio Bandung berjarak 3,8 km dari akomodasi. Bandara terdekat adalah Husein Sastranegara, 7 km dari hotel, dan akomodasi ini menawarkan layanan antar-jemput bandara berbayar."
Swiss-Belresort Dago Heritage,"Jalan Lapangan Golf Dago Atas No. 78, Bandung West Java, Indonesia, 40135 Bandung, Indonesia","Terletak di Bandung, Swiss-Belresort Dago Heritage menyediakan akomodasi khusus dewasa dengan kolam renang luar ruangan dan bar. Akomodasi ini menyediakan restoran, resepsionis 24 jam, layanan kamar, dan Wi-Fi gratis. Hotel ini menyediakan koran dan mesin ATM. Semua kamar memiliki teko. Kamar-kamar di Swiss-Belresort Dago Heritage menyediakan AC dan meja. Akomodasi ini menawarkan sarapan kontinental atau prasmanan. Dago Pakar berjarak 4,2 km dari Swiss-Belresort Dago Heritage, sedangkan Gedung Sate berjarak 7 km. Bandara terdekat adalah Bandara Husein Sastranegara, 11 km dari hotel."
OYO 228 Hotel Lodaya,"Jl. Lodaya No.83, Lkr. Sel., Lengkong, 16151 Bandung, Indonesia","Lodaya Hotel yang terletak di pusat kota Bandung ini menawarkan beragam kamar modern yang dilengkapi dengan Wi-Fi gratis. Hotel ini menyajikan sarapan prasmanan di restoran di-tempat serta menyediakan parkir gratis. Lodaya Hotel berselang 10 menit ke Bandung Supermall dan Taman Hiburan Trans Studio. Bandara Internasional Hussein Sastranegara berselang 30 menit naik taksi. Semua kamar ber-AC serta menampilkan pemandangan kota dan menawarkan layanan kamar. TV satelit layar datar, telepon, lemari pakaian, dan area tempat duduk tercakup di kamar. Kamar mandi pribadinya dilengkapi dengan shower, toilet, perlengkapan mandi gratis, dan handuk. Layanan binatu, menyetrika, dan antar-jemput bandara tersedia dengan biaya tambahan. Lodaya Hotel juga menyediakan penyewaan mobil dan layanan pramutamu. Surat kabar dan penitipan bagasi tersedia di meja depan 24-jam. Masakan lokal Sunda dan Indonesia disajikan di Lodaya Restaurant."
Prama Grand Preanger Bandung,"Jl. Asia Afrika No. 81, Sumurbandung, 40111 Bandung, Indonesia","Prama Grand Preanger Bandung yang elegan ini menampilkan interior modern dan menawarkan beragam kamar - dari mana Anda dapat menikmati pemandangan kota. Hotel ini hanya berselang 10 menit berkendara dari Bandara Internasional Husein Sastranegara, serta memiliki spa dan pusat kebugaran. Trans Studio Bandung (taman hiburan indoor) dan berbagai outlet perbelanjaan, yang mencakup Paris Van Java, dapat dicapai dalam waktu 15 menit berkendara dari Prama Grand Preanger Bandung. Stasiun Kereta Bandung berselang 10 menit berkendara dari hotel. Semua kamar berukuran luas, serta memiliki kamar mandi dalam yang besar, brankas, dan fasilitas membuat teh/kopi. Beberapa kamar dilengkapi dengan area tamu terpisah dan ruang makan pribadi. Preanger Restaurant menyajikan makanan barat dan Asia yang lezat. Restoran ini juga menawarkan sarapan prasmanan ala Amerika setiap harinya. Preanger Lounge & Wine Corner menyediakan area yang nyaman untuk bersantai. Sumurbandung adalah pilihan tepat buat wisatawan yang suka belanja baju, kuliner khas, dan hidangan lokal."
P Hostel,"Jalan Peta No.21, 40243 Bandung, Indonesia","Terletak di Bandung, berjarak 4,2 km dari Terminal Bus Stasiun Hall, P Hostel memiliki taman, kamar bebas rokok, dan Wi-Fi gratis. Akomodasi berjarak sekitar 5 km dari Istana Merdeka dan Braga City Walk, serta 6 km dari Trans Studio Bandung. Akomodasi ini menawarkan resepsionis 24 jam dan ruang penyimpanan bagasi untuk Anda. Di hostel, semua kamar dilengkapi dengan meja, TV layar datar, dan kamar mandi pribadi. Pilihan sarapan kontinental dan prasmanan tersedia setiap pagi di P Hostel. Jalan Riau berjarak 7 km, sedangkan Mal Perbelanjaan Cihampelas Walk berjarak 8 km dari akomodasi. Bandara terdekat adalah Bandara Husein Sastranegara, 9 km dari P Hostel."
The Trans Luxury Hotel Bandung,"Jalan Gatot Subroto 289, 40273 Bandung, Indonesia","Terletak di Kompleks Trans Studio Bandung yang terintegrasi, The Trans Luxury Hotel Bandung menawarkan kamar-kamar modern dengan iPod dock. Hotel ini memiliki kolam renang luar ruangan, pusat spa, dan pusat kebugaran 24 jam. Wi-Fi tersedia gratis di seluruh area hotel. Trans Luxury Hotel dapat dicapai dalam 30 menit berkendara dari Bandara Internasional Husein Sastranegara. Gunung Berapi Tangkuban Perahu dapat dicapai dengan berkendara selama 1 jam. Setiap kamar memiliki TV satelit layar datar dan fasilitas membuat teh/kopi. Perlengkapan mandi gratis dan pengering rambut juga disediakan. Tersedia area tempat duduk yang luas dengan sofa. Anda dapat berolahraga di pusat kebugaran atau menikmati layanan pijat untuk melepas lelah. Hotel ini memiliki meja pramutamu untuk membantu segala permintaan Anda. Layanan laundry dan menyetrika juga tersedia. Layanan antar-jemput bandara dapat diatur dengan biaya tambahan. Aneka hidangan khas Asia dan Barat disajikan di restoran hotel. Hotel ini juga memiliki restoran yang menyuguhkan aneka hidangan internasional."
Grand Tjokro Bandung,"Jalan Cihampelas no 211-217, 40131 Bandung, Indonesia","Grand Tjokro Hotel terletak di jalan perbelanjaan yang terkenal di Bandung. Hotel ini menawarkan akomodasi modern dengan akses WiFi gratis di seluruh areanya, kolam renang di puncak gedung, serta sebuah restoran dan bar. Hotel ini berjarak 10 menit berkendara dari Cihampelas Walk Shopping Mall, dan sekitar 15 menit berkendara dari factory outlet Rumah Mode yang trendi dan terkenal. Bandung Indah Plaza Mall dapat dicapai dalam 20 menit berkendara, sementara untuk menjangkau Bandara Internasional Husein Sastranegara Bandung memerlukan waktu sekitar 30 menit dengan naik mobil. Kamar-kamar ber-AC dengan desain modern dan bersih di Grand Tjokro Hotel dapat diakses melalui lift. Semua menyediakan TV kabel layar datar, area tempat duduk, lemari pakaian, dan minibar. Setiap kamar juga memiliki kamar mandi dalam yang dilengkapi dengan fasilitas shower air panas dan dingin, pengering rambut, serta sandal. Hotel ini menawarkan meja depan 24 jam dengan layanan pramutamu dan penitipan bagasi. Fasilitas lain seperti parkir valet, layanan antar-jemput bandara dan daerah sekitarnya, binatu, dry cleaning, ruang rapat/fasilitas perjamuan, dan pusat bisnis tersedia dengan biaya tambahan. Tjokro Restaurant yang berada di hotel ini menawarkan berbagai hidangan Indonesia, Cina, dan Barat. Anda juga dapat menjelajahi daerah sekitarnya di mana Glosis Restaurant dapat ditemukan hanya dalam 15 menit berkendara."
Grand Mercure Bandung Setiabudi,"Jl. Dr. Setiabudi no. 269 - 275, 40154 Bandung, Indonesia","Dapat dicapai dalam 10 menit dengan berkendara dari Rumah Mode factory outlet yang terkenal, Grand Mercure Bandung Setiabudi menawarkan akomodasi modern dan elegan dengan kolam renang luar ruangan, akses Wi-Fi gratis di semua area, dan tempat parkir gratis. Cihampelas Walk dan Mal Paris Van Java dapat dicapai dalam 15 menit dengan berkendara dari hotel, sedangkan Gedung Sate yang terkenal dalam 20 menit. Bandara Internasional Husein Sastranegara dapat dicapai dalam 30 menit menggunakan mobil. Semua kamar di Grand Mercure Bandung Setiabudi memiliki AC. Setiap kamar menawarkan area tempat duduk, lemari pakaian, TV satelit layar datar, kulkas dengan minibar, dan teko listrik. Tersedia juga kamar mandi en suite dengan fasilitas shower, pengering rambut, dan perlengkapan mandi gratis. Hotel menawarkan layanan resepsionis 24 jam dengan layanan pramutamu di mana staf yang ramah dapat membantu Anda dengan layanan penyewaan mobil dan sepeda, antar-jemput bandara, permintaan binatu dan dry cleaning, penjagaan anak, serta penukaran mata uang. Fasilitas lain yang tersedia adalah teras berjemur, klub anak dengan area video game, dan layanan penitipan bagasi. Anda dapat menikmati akses gratis ke pusat kebugaran atau bersantai di teras berjemur di tepi kolam renang. Untuk pilihan tempat bersantap, hotel ini menyediakan 4 restoran dan bar. Hardy's Dining Room menyajikan hidangan internasional, Jing Paradise Restaurant menawarkan berbagai masakan Tiongkok, So'ren Lobby Bar menghidangkan berbagai makanan ringan serta minuman, dan Pool Bar juga menyajikan makanan ringan dengan minuman yang menyegarkan. "
Aston Tropicana Hotel Bandung,"Jl. Cihampelas 125-127, Sukajadi, 40131 Bandung, Indonesia","Aston Tropicana Hotel terletak di Jalan Cihampelas di pusat kota Bandung, dan menawarkan akses mudah menuju berbagai kawasan perbelanjaan. Hotel ini memiliki kolam renang outdoor, spa, dan pusat kebugaran. Kamar-kamar ber-AC di Aston Tropicana memiliki lantai berkarpet dan ruang duduk kecil. Masing-masing kamar dilengkapi dengan TV satelit, brankas, dan fasilitas membuat teh/kopi. Kamar mandi pribadinya menyediakan bathtub dan shower. Tropicana Karaoke adalah tempat yang tepat untuk menghabiskan sore bersama teman-teman. Hotel ini menawarkan fasilitas meja depan 24 jam dan pusat bisnis yang nyaman. Hotel juga menyediakan Wi-Fi gratis di semua kamar, dan tempat parkir gratis di areanya. Sarapan prasmanan disajikan setiap hari. Anda dapat menikmati makanan di Lemongrass Restaurant, sedangkan aneka minuman ditawarkan di Coconut Lounge. Layanan kamar tersedia 24 jam. Aston Tropicana Hotel Bandung berjarak sekitar 3 km dari Bandara Internasional Husein Sastranegara. Layanan jemputan bandara bisa disediakan. "
De Paviljoen Bandung by HIM,"Jl. R.E. Martadinata No.68, Bandung Wetan, 40115 Bandung, Indonesia","De Paviljoen menyediakan akomodasi modern di kota Bandung, Jawa Barat. Hotel ini menawarkan kolam renang luar ruangan yang dibuka sepanjang tahun, pusat spa, dan restoran yang menyajikan berbagai hidangan lokal dan internasional yang lezat. Masing-masing kamar mewahnya menyediakan tempat tidur yang nyaman dengan seprai yang bersih. Semua kamar dilengkapi dengan pendingin ruangan dan televisi layar datar. Kamar mandi pribadinya dilengkapi dengan shower. Sandal tersedia untuk Anda. Terdapat juga ketel listrik untuk menambah kenyamanan Anda. Anda dapat menghubungi staf De Paviljoen yang ramah di resepsionis 24 jam. Akomodasi ini juga menyediakan layanan penyewaan mobil. Gedung Sate berjarak 500 meter dari De Paviljoen, dan Jalan Riau terletak sejauh 600 meter. Bandara terdekatnya adalah Bandara Husein Sastranegara yang berjarak 5 km dari akomodasi. Bandung Wetan adalah pilihan tepat buat wisatawan yang suka hidangan lokal, relaksasi, dan belanja baju. "
Sensa Hotel Bandung,"Jl. Cihampelas No. 160, 40131 Bandung, Indonesia","Hotel Sensa terletak di Bandung dan terhubung langsung dengan Cihampelas Walk. Akomodasi ini memiliki spa, kolam renang outdoor, dan kamar-kamar trendi yang menyuguhkan pemandangan kota atau pegunungan. Wi-Fi dan tempat parkir tersedia secara gratis. Hotel Sensa hanya berjarak 100 meter dari Jalan Cihampelas yang marak, serta berselang 10 menit berkendara dari Stasiun Kereta Api Bandung. Bandara Husein Sastranegara dapat dicapai dalam waktu sekitar 15 menit berkendara. Semua kamar ber-AC di hotel ini memiliki jendela besar dan TV layar datar 37 inci. Setiap kamar dilengkapi dengan minibar dan brankas pribadi. Kamar mandi pribadinya menampilkan fasilitas shower. Anda dapat menikmati pijat santai dan perawatan pijat refleksi kaki di spa. Sensa juga menawarkan layanan penyewaan mobil berdasarkan permintaan. Life Green Dining Restaurant menghidangkan beragam masakan internasional. Aneka makanan ringan dan minuman yang menyegarkan disajikan di Lobby Lounge. "
Ibis Bandung Trans Studio,"Jl. Gatot Subroto No. 289, 40273 Bandung, Indonesia","Terletak di Kompleks Trans Studio Bandung, Ibis Bandung Trans Studio menyediakan parkir gratis dan meja depan 24 jam. Hotel ini menawarkan sebuah restoran dan layanan kamar 24 jam. Tersedia ruang rapat. Wi-Fi gratis tersedia di seluruh areanya. Hanya 10 menit berkendara dari pusat kota Bandung, Ibis Bandung Trans Studio berjarak 200 meter dari Trans Studio Mall and Theme Park. Bandara Husein Sastranegara dapat dicapai dalam 30 menit berkendara. Kamar-kamarnya yang modern dilengkapi dengan TV kabel layar datar, fasilitas membuat teh/kopi, dan brankas pribadi. Brankas laptop juga disediakan. Kamar mandi en suitenya dilengkapi dengan pengering rambut. Sudut internet disediakan di lobi. Layanan faks, fotokopi, dan binatu ditawarkan berdasarkan permintaan. Untuk keamanan tambahan, Anda dapat meninggalkan barang-barang berharga Anda dalam brankas yang tersedia di meja depan. Pilihan hidangan Indonesia dan internasional disajikan di restoran hotel."
Aston Pasteur,"Jl. Dr. Djunjunan 162, Sukajadi, 40162 Bandung, Indonesia","Memiliki sebuah kolam renang outdoor dan restoran, Aston Pasteur menawarkan akomodasi di Bandung. Wi-Fi dapat diakses secara gratis di seluruh area hotel, dan layanan antar-jemput gratis ke bandara juga tersedia. Semua kamar di Aston Pasteur memiliki AC, brankas, dan minibar. Setiap kamar dilengkapi dengan TV kabel layar datar. Kamar mandi pribadinya menyediakan shower dan pengering rambut. Fasilitas tambahannya meliputi sandal dan perlengkapan mandi gratis. Terdapat meja depan 24 jam dan layanan pramutamu di akomodasi. Staf dapat membantu Anda dengan penitipan bagasi, serta layanan binatu dan dry cleaning dengan biaya tambahan. Cihampelas Walk berjarak 2,2 km dari Aston Pasteur, sementara Terminal Bus Stasiun Hall terletak sejauh 3,3 km dari properti. Bandara terdekat adalah Bandara Husein Sastranegara yang berjarak 1 km dari Aston Pasteur. Sukajadi adalah pilihan tepat buat wisatawan yang suka kuliner khas, pemandangan, dan wisata kuliner."
The Luxton Bandung,"Jl. Ir H Juanda No. 18, Bandung Wetan, 40115 Bandung, Indonesia","The Luxton Hotel berselang 5 menit berkendara dari Bandung Indah Plaza Shopping Mall, menawarkan kamar-kamar modern dengan akses Wi-Fi gratis dan meja depan 24-jam. Hotel ini menyediakan tempat parkir gratis. Kamar-kamar ber-AC-nya menampilkan lantai kayu dan lantai parket, dilengkapi lemari pakaian, area untuk duduk bersantai, dan TV kabel layar datar. Kamar mandi dalamnya menyediakan shower dan perlengkapan mandi gratis. Anda dapat menikmati beragam hidangan khas Barat dan sarapan pagi lengkap di Xquisite Restaurant, sedangkan X Lounge Bar menyajikan berbagai makanan ringan. Hotel ini berjarak 15 menit berkendara dari stasiun kereta api Bandung dan 40 menit berkendara dari daerah Lembang. Bandara Husein Sastranegara berjarak 4 km dari hotel. Bandung Wetan adalah pilihan tepat buat wisatawan yang suka hidangan lokal, relaksasi, dan belanja baju. "
Holiday Inn Bandung Pasteur,"Jl. Dr Djunjunan 96, Sukajadi, 40162 Bandung, Indonesia","Holiday Inn Bandung Pasteur di pusat kota tepatnya 2 km dari Paris van Java Mall menawarkan hotel dengan kolam renang luar ruangan, kolam renang anak-anak, pusat kebugaran, Wi-Fi gratis di kamarnya, serta parkir gratis untuk Anda yang berkendara. Kamar-kamarnya yang modern dilengkapi dengan AC, TV layar datar, minibar, pembuat teh/kopi, serta kamar mandi pribadi dengan pancuran dan perlengkapan mandi gratis. Kamar-kamar tertentu memiliki akses ke kolam renang dalam ruangan. Anda dapat menikmati makan di restoran hotel atau menikmati makanan ringan di kedai kopi. Banyak pilihan makan yang dapat dicapai dalam 5 menit berjalan kaki. Fasilitas lainnya adalah perawatan spa, kelas yoga di pusat kebugaran, sauna, karaoke, resepsionis 24 jam, penyewaan mobil, serta antar-jemput bandara dengan biaya tambahan. Hotel ini berjarak 2,3 km dari Stasiun Kereta Api Bandung, 3,1 km dari Braga City Walk, 6 km dari 23 Paskal Shopping Mall, serta 20 menit berkendara dari Bandara Husein Sastranegara. Sukajadi adalah pilihan tepat buat wisatawan yang suka kuliner khas, pemandangan, dan wisata kuliner."
Hotel Savoy Homann,"Jalan Asia Afrika 112, Sumurbandung, 40261 Bandung, Indonesia","Bertempat di dalam sebuah bangunan berbentuk melengkung yang ikonis, Hotel Savoy Homann menawarkan kamar-kamar yang elegan di pusat kota Bandung. Wi-Fi gratis dapat diakses di area umum akomodasi. Menawarkan kenyamanan bintang 4, kamar-kamarnya memiliki AC, lantai berkarpet, area tempat duduk, dan furnitur kayu klasik. Tersedia juga TV kabel dan fasilitas membuat teh/kopi gratis. Anda tetap dapat berolahraga secara teratur di pusat kebugaran Hotel Savoy Homann. Video games dan permainan tradisional juga ditawarkan di ruang permainan. Para staf siap sedia sepanjang hari untuk melayani permintaan Anda dan kebutuhan laundry. Garden Restaurant menyajikan berbagai masakan lokal, Asia, dan Barat. Spesialisasi steak dihidangkan di Sidewalk Cafe, sedangkan Batavia Bar menyuguhkan koktail yang menyegarkan. Mudah diakses dari Museum Asia Afrika, Hotel Savoy Homann Hotel dapat dicapai dalam 30 menit berkendara dari Bandara Husein Sastranegara. Hotel ini dapat dicapai dalam 2 jam naik kereta dari Jakarta. Sumurbandung adalah pilihan tepat buat wisatawan yang suka belanja baju, kuliner khas, dan hidangan lokal."
"The Jayakarta Suites Bandung, Hotel & Spa","Jl. Ir. H. Juanda No. 381A, 40135 Bandung, Indonesia","The Jayakarta Suites Bandung, Hotel & Spa terletak di puncak bukit dengan pemandangan kota Bandung dan pegunungan sekitarnya yang indah. Hotel bintang 4 ini hanya berselang 30 menit berkendara dari bandara. Kamar-kamar di The Jayakarta Suites Bandung, Hotel & Spa memiliki fasilitas modern termasuk kunci elektronik, akses internet WIFI gratis, dan TV kabel. Kamar mandi dalamnya dilengkapi dengan kombinasi bathtub atau shower. Anda dapat berenang di kolam renang outdoor yang besar atau menikmati pijat relaksasi di Spa dan Pusat Kesehatan berfasilitas lengkap di Jayakarta. Tersedia tempat parkir gratis di hotel dengan pemesanan sebelumnya. The Jayakarta Suites Bandung, Hotel & Spa menawarkan hidangan mewah di restoran hotel. Anda dapat menikmati minuman di North Dago Cafe atau Scenery Bar & Lounge. Anda juga dapat tampil di panggung Aoyama Karaoke Bar.  The Jayakarta Suites Bandung Hotel & Spa berselang 20 menit dari stasiun kereta dan 15 menit dari pusat kota Bandung yang terkenal dengan berbagai factory outletnya."
Arion Swiss-Belhotel Bandung,"Jl. Otto Iskandardinata No.16, 40171 Bandung, Indonesia","Arion Swiss-Belhotel Bandung menawarkan akomodasi butik di jantung kota Bandung, hanya 350 meter dari Stasiun Kereta Api Bandung. Hotel ini menawarkan kolam renang outdoor yang sangat besar, pusat kebugaran, dan tempat parkir gratis. Hotel berjarak 15 menit berkendara dari Gerbang Tol Pasteur dan Bandara Internasional Husein Sastranegara. Kamar-kamar ber-AC hotel ini memiliki interior yang luas dengan perabotan modern. Masing-masing dilengkapi dengan minibar, fasilitas membuat teh/kopi, dan TV kabel layar datar. Internet gratis tersedia di semua kamar. Anda dapat menikmati layanan pijat relaksasi atau bersantai di ruang sauna. Arion Swiss-Belhotel Bandung juga menawarkan layanan binatu dan dry cleaning. Fasilitas penitipan bagasi dapat ditemukan di meja depan 24 jam. Ruang serbaguna dengan peralatan lengkap tersedia untuk penyelenggaraan berbagai acara, rapat, dan pertemuan. Swiss-Cafe menyajikan beragam hidangan otentik khas Indonesia dan internasional. Anda dapat menikmati berbagai koktail dan makanan ringan di Lounge Bar. Hotel berjarak 3 km dari Museum Geologi Bandung dan Monumen Perjuangan. Berbagai outlet mode yang terkenal serta beragam tempat makan dapat ditemukan di Jalan Riau yang terletak sejauh 10 menit berkendara dari hotel. Jakarta dapat dicapai dalam 2 jam berkendara."
MOXY Bandung,"Jalan Ir H. Djuanda No 69, Bandung Wetan, 40116 Bandung, Indonesia","MOXY Bandung menampilkan pemandangan kota dan terletak di Bandung, 2,1 km dari Jalan Riau. Hotel bintang 3 ini memiliki bar dan menawarkan kamar-kamar ber-AC dengan Wi-Fi gratis serta kamar mandi pribadi. Akomodasi ini memiliki restoran dan berjarak kurang dari 1 km dari Gedung Sate. Kamar-kamar di hotel ini dilengkapi dengan meja. Semua kamar memiliki area tempat duduk dan TV satelit layar datar. Akomodasi ini menyediakan sarapan kontinental atau prasmanan. Anda dapat bermain biliar di hotel ini. Terdapat layanan resepsionis 24 jam, pusat bisnis, dan layanan menyetrika. MOXY Bandung berjarak 2,4 km dari Braga City Walk dan 2,9 km dari Cihampelas Walk. Bandara terdekat adalah Bandara Husein Sastranegara, 5 km dari hotel ini. Bandung Wetan adalah pilihan tepat buat wisatawan yang suka hidangan lokal, relaksasi, dan belanja baju."
Ibis Styles Bandung Braga,"Jalan Braga No. 8, Sumurbandung, 40111 Bandung, Indonesia","Ibis Styles Bandung Braga terletak di Jalan Braga yang terkenal, di seberang Museum Kofperensi Asia Afrika dan tepat di samping Jalan Asia-Afrika yang bersejarah. Properti ini menawarkan akomodasi modern yang nyaman dengan akses Wi-Fi gratis dan restoran di lokasi. Setiap kamar dilengkapi AC, TV, dan minibar. Tersedia juga ruang makan dengan lemari es dan ketel listrik. Kamar mandi pribadinya menawarkan shower, pengering rambut, dan perlengkapan mandi gratis. Fasilitas tambahan meliputi area tempat duduk dan saluran kabel. Di Ibis Styles Bandung Braga Anda akan menemukan meja depan 24-jam, 6 ruang pertemuan dan taman. Properti ini juga menawarkan tempat parkir gratis. Hotel ini berjarak 400 meter dari Braga City Walk dan 800 meter dari Pasar Baru Bandung. Bandara Husein Sastranegara berjarak 5 km. Sumurbandung adalah pilihan tepat buat wisatawan yang suka belanja baju, kuliner khas, dan hidangan lokal."
Favehotel Premier Cihampelas,"Jl. Cihampelas 129, Sukajadi, 40131 Bandung, Indonesia","Favehotel Premier dapat dicapai dengan berjalan kaki 15 menit dari Jalan Cihampelas di Bandung, yang memiliki beragam pilihan berbelanja dan hiburan. Selain menawarkan kamar-kamar dengan akses Wi-Fi gratis, hotel ini memiliki sebuah kolam renang outdoor dan gym. Favehotel Premier Cihampelas dapat ditempuh dalam waktu 30 menit berkendara dari Bandara Internasional Husein Sastranegara. Dibutuhkan waktu 40 menit berkendara menuju taman hiburan indoor Trans Studio. Kamar-kamar kontemporer ber-AC-nya memiliki TV satelit layar datar serta kamar mandi pribadi dengan fasilitas air panas dan dingin. Restoran menyajikan berbagai macam hidangan internasional, dengan pilihan bersantap dalam kamar. Anda dapat menggunakan pusat bisnis, atau mengunjungi meja depan 24 jam untuk bantuan dengan layanan penukaran mata uang, binatu, atau pramutamu. Tersedia parkir pribadi gratis."
De JAVA Hotel Bandung,"Jl. Sukajadi No 148-150, Sukajadi, 40161 Bandung, Indonesia","De JAVA Hotel Bandung merupakan akomodasi bintang-4 yang terletak tepat di seberang mall Paris Van Java. Menampilkan kamar-kamar bergaya Jawa modern, hotel ini juga dilengkapi akses Wi-Fi gratis di seluruh area.nya Anda dapat menikmati layanan antar-jemput gratis dalam wilayah Sukajadi yang memiliki beragam restoran, kafe, dan factory outlet, hanya 10 menit berkendara dari de JAVA Hotel Bandung. Bandara Internasional Husein Sastranegara dapat dijangkau dalam 15 menit berkendara dari akomodasi ini. Kamar-kamar ber-AC-yang didekorasi dengan nuansa cokelat menawarkan TV satelit layar datar, fasilitas membuat kopi/teh, serta area tempat duduk dengan sofa. Tersedia juga brankas, teko listrik, dan lemari es untuk kenyamanan Anda. Pengering rambut dan sandal disediakan di semua kamar mandi dalamnya. Anda dapat berolahraga di pusat kebugaran atau menyewa mobil untuk menjelajahi Bandung. de JAVA Hotel Bandung juga memiliki fasilitas rapat/perjamuan di lokasi. Layanan laundry ditawarkan dengan biaya tambahan, sedangkan parkir gratis tersedia di hotel. Layanan transfer bandara dapat disediakan dengan biaya tambahan. De Bale Restaurant menyajikan berbagai macam masakan Indonesia, Asia, dan Barat, sedangkan Mana Lounge menawarkan aneka makanan ringan dan minuman. Anda dapat bersantap di dalam kamar menggunakan layanan kamar. Sukajadi adalah pilihan tepat buat wisatawan yang suka kuliner khas, pemandangan, dan wisata kuliner."
El Cavana Bandung,"Jalan Pasirkaliki No.16-18 BANDUNG Jalan Stasiun Barat No.25-26 Bandung, 40181 Bandung, Indonesia","Memiliki bar di puncak gedung dengan pemandangan kota, El Cavana Bandung adalah hotel modern di Bandung, dapat dicapai dalam 5 menit dengan berjalan kaki dari Terminal Bus Stasiun Hall. Dibangun pada tahun 2012, hotel ini berjarak 600 meter dari Pasar Baru Bandung. Hidangan khas Asia disajikan di restorannya. Hotel ini juga memiliki kolam renang dalam ruangan dan pusat kebugaran. Semua kamar memiliki lemari pakaian, TV layar datar, dan kamar mandi pribadi. Semua kamar juga memiliki kulkas. Kamar mandinya dilengkapi dengan peralatan mandi gratis. Sarapan halal, prasmanan, dan Asia dapat dinikmati di ruang sarapan. Staf di meja depan 24 jam dapat berbicara dalam bahasa Inggris dan Indonesia. Braga City Walk berjarak 1,1 km dari El Cavana Bandung, sedangkan Istana Merdeka berjarak 1,3 km. Bandara Husein Sastranegara berjarak 3 km, dan hotel ini menawarkan layanan antar-jemput bandara gratis."
Ibis Budget Bandung Asia Afrika,"Jl. Asia Afrika No. 128, Sumurbandung, 40261 Bandung, Indonesia","Ibis Budget Bandung Asia Afrika di pusat kawasan yang bersejarah di Bandung menawarkan kamar-kamar nyaman dan meja depan 24- am. Jalan Braga yang menyuguhkan beragam pilihan bersantap dapat dijangkau dengan 5 menit berjalan kaki. WiFi dapat diakses gratis di seluruh area hotel. Kamar-kamarnya yang cerah menawarkan pendingin ruangan, televisi kabel layar datar, rak pakaian serta lantai parket. Kamar mandi dalamnya menawarkan pancuran. Anda dapat menikmati pemandangan kota dari kamar. Sarapan dapat disajikan setiap hari di ruang sarapan, berdasarkan permintaan. Ibis Budget Bandung Asia Afrika menawarkan fasilitas pertemuan/perjamuan, serta fasilitas parkir valet gratis. Staf yang ramah siap membantu Anda dengan layanan penyimpanan bagasi, layanan binatu serta penyetrikaan. Ibis Budget Bandung Asia Afrika dapat dicapai dengan 5 menit berjalan kaki dari Konferensi Museum Asia Afrika dan 20 menit berkendara dari Bandara Internasional Husein Sastranegara. Sumurbandung adalah pilihan tepat buat wisatawan yang suka belanja baju, kuliner khas, dan hidangan lokal."
Ibis Bandung Pasteur,"Jl. Dr. Junjunan 22, Sukajadi, 40162 Bandung, Indonesia","Menyediakan layanan meja depan 24 jam, Ibis Bandung Pasteur dapat dicapai dalam 10 menit dengan berkendara dari Gedung Sate yang bersejarah. Properti ini memiliki restoran dan fasilitas pertemuan. Tersedia tempat parkir gratis dan Wi-Fi gratis di seluruh area hotel. Semua kamar memiliki AC, TV satelit layar datar, dan brankas pribadi. Kamar mandi en suitenya menyediakan shower dan perlengkapan mandi gratis. Pemandangan gunung dan kota dapat dinikmati dari dalam kamar. Berbagai hidangan khas lokal dan internasional ditawarkan di Ibis Kitchen. Berbagai tempat makan lainnya berada di Paris Van Java, dapat dicapai dalam 5 menit dengan berkendara. Cihampelas Walk juga menawarkan banyak restoran dan dapat dicapai dalam 15 menit dengan berkendara. Stafnya yang ramah dapat membantu dengan permintaan binatu, dry cleaning, dan menyetrika. Staf pramutamu dapat membantu dengan layanan penitipan bagasi gratis dan antar-jemput bandara dengan biaya tambahan. Properti ini dapat dicapai dalam 10 menit dengan berkendara dari Bandara Internasional Husein Sastranegara, dalam 15 menit dari Stasiun Kereta Api Bandung, dan dalam 1 jam dari Pemandian Air Panas Ciater. Sukajadi adalah pilihan tepat buat wisatawan yang suka kuliner khas, pemandangan, dan wisata kuliner."
Favehotel Braga,"Jl. Braga no. 99 - 101, Sumurbandung, 40111 Bandung, Indonesia","Favehotel Braga terletak di jantung kota Bandung, 5 menit berkendara dari Pasar Baru Shopping Centre. Hotel ini menawarkan Wi-Fi gratis, kafe, dan kamar ber-AC dengan TV kabel layar datar 32 inci. Braga favehotel berjarak 10 menit berkendara dari Trans Studio Indoor Theme Park dan 15 menit berkendara dari Bandara Internasional Husein Sastranegara. Kamar-kamarnya yang penuh gaya dan modern menampilkan gambar cetak dinding yang unik. Masing-masing unitnya yang terang benderang dilengkapi dengan brankas pribadi dan kamar mandi en suite dengan fasilitas shower. Staf meja depan 24 jam dapat membantu dengan layanan penyewaan mobil dan antar-jemput bandara. Layanan binatu dan menyetrika juga disediakan. Anda dapat mencicipi pilihan hidangan lokal dan internasional di Lime Café. Sumurbandung adalah pilihan tepat buat wisatawan yang suka belanja baju, kuliner khas, dan hidangan lokal."
Ivory Hotel Bandung,"Jl. Bahureksa No. 3, Bandung Wetan, 40115 Bandung, Indonesia","Ivory Hotel Bandung yang elegan menawarkan kamar-kamar yang nyaman dengan dekorasi kontemporer serta fasilitas akses Wi-Fi gratis dan tempat parkir gratis di pusat kota Bandung tepatnya 2 menit berjalan kaki dari Riau Junction dan 3 menit berjalan kaki dari Bandung Indah Plaza. Kamar-kamarnya yang didekorasi dengan warna-warna bernuansa teduh ini menawarkan area tempat duduk, lemari es, TV kabel layar datar, meja kerja, dan lemari pakaian. Kamar mandi pribadinya dilengkapi dengan pancuran, sandal, dan perlengkapan mandi gratis. Fasilitas lainnya adalah resepsionis 24 jam, layanan binatu dan cuci kering dengan biaya tambahan, mobil sewaan, serta layanan antar-jemput bandara dengan biaya tambahan. Anda dapat mencicipi berbagai makanan Indonesia dan Barat di Everjoy Restaurant & Coffee Boutique. Hidangannya juga dapat dinikmati dalam kamar. Hotel ini dapat dicapai dengan 5 menit berkendara dari daerah Dago yang ramai, 10 menit berkendara dari Gedung Sate, dan 15 menit berkendara dari Bandara Husein Sastranegara. Bandung Wetan adalah pilihan tepat buat wisatawan yang suka hidangan lokal, relaksasi, dan belanja baju."
The Papandayan,"Jl. Gatot Subroto 83, 40262 Bandung, Indonesia","The Papandayan menawarkan kemewahan bintang 5 di pusat kota Bandung, dengan menghadirkan kolam renang luar ruangan, fasilitas kebugaran, dan spa sehari. Hotel ini menyediakan layanan penuh perhatian dengan pelayan pribadi 24 jam, Wi-Fi gratis, dan 4 pilihan tempat bersantap. Kamar-kamarnya yang luas menampilkan interior yang elegan dalam nuansa krem ​​dan perak, serta dilengkapi TV kabel layar datar dan meja kerja. Semua kamar menyediakan fasilitas membuat teh/kopi dan minibar. The Papandayan dapat dicapai dalam 15 menit berkendara dari Bandara Internasional Husein Sastranegara dan dalam 25 menit berkendara dari Jalan Perbelanjaan Cihampelas yang populer. Hotel ini dapat dicapai dalam 25 menit berkendara dari perkebunan teh Bandung. Untuk relaksasi, perawatan kecantikan yang menenangkan menanti Anda di salon. Beragam fasilitas lain yang disediakan adalah pusat bisnis, resepsionis 24 jam, dan surat kabar harian. Beragam hidangan internasional disajikan di Cantigi Fine Dining, sedangkan Pago Restaurant menawarkan masakan khas Asia dan Jepang. Mirten Lounge dan The Deli ideal untuk menikmati camilan."
House Sangkuriang,"Jl. Sangkuriang no.1 Dago, Kecamatan Coblong, 40135 Bandung, Indonesia","Memiliki sebuah kolam renang outdoor dan restoran, House - Sangkuriang menawarkan lokasi yang strategis, hanya 5 menit jalan kaki dari berbagai factory outlet di Dago. Akomodasi ini menyediakan meja depan 24 jam dan akses Wi-Fi gratis di seluruh areanya. Kamar-kamar ber-AC yang elegan dan dengan tata cahaya hangat di House - Sangkuriang memiliki lantai kayu. Sebuah TV satelit layar datar, ketel listrik, dan 1x minibar gratis adalah beberapa di antara kenyamanan yang tersedia di dalam kamar, sementara shower, sandal, dan pengering rambut disediakan di kamar mandi dalam. Hotel ini juga menyajikan teh sore hari di lobi dan teras kolam renang setiap hari. Cihampelas Walk Mall terletak sejauh 10 menit berkendara dari akomodasi, sementara Bandara Husein Sastranegara sejauh 20 menit berkendara. Layanan antar-jemput bandara tersedia berdasarkan permintaan. Staf di meja depan dapat membantu dengan layanan parkir valet dan penitipan bagasi. Selain menyediakan pusat bisnis, hotel ini juga menawarkan layanan binatu dengan biaya tambahan. Hidangan internasional disajikan di Dining Room. Anda juga dapat menikmati hidangan dalam kenyamanan kamar Anda."
Mutiara Hotel,"Jalan Kebon Kawung No. 60, 40171 Bandung, Indonesia","Terletak di pusat kota Bandung, Mutiara Hotel berjarak 800 meter dari Braga City Walk. Hotel ini menawarkan sebuah kolam renang outdoor danresepsionis 24 jam. Dilengkapi dengan lantai keramik, kamar-kamar ber-AC memiliki kamar mandi pribadi. Air kemasan gratis disediakan di kamar, sementara pengering rambut tersedia berdasarkan permintaan. Mutiara Hotel Bandung berjarak sekitar 150 meter dari Stasiun Kereta Api Bandung dan 3 km dari Bandara Hussein Sastranegara. Akses Wi-Fi tersedia gratis di seluruh area hotel. Jika datang dengan kendaraan, Anda dapat memarkir mobil di hotel secara gratis."
HARRIS Hotel & Convention Festival Citylink Bandung,"Jl. Peta 241,Kopo, 40323 Bandung, Indonesia","HARRIS Hotel & Convention Festival Citylink Bandung hanya berselang 20 menit berkendara dari Bandara Hussein Sastra Negara, serta terhubung langsung ke Mal Festival CTLink. Hotel ini menawarkan sebuah kolam renang outdoor dan layanan pijat kaki. Wi-Fi tersedia secara gratis. Harris Hotel and Conventions Festival CTLink Bandung dapat dicapai dalam waktu 30 menit berkendara dari Stasiun Kereta Api Hall Jalan Kebon Kawung. Area perbelanjaan Pasar Baru Bandung berjarak sekitar 2,3 km. Kamar-kamarnya yang penuh warna menampilkan nuansa oranye dan karpet bercorak, serta memiliki desain yang simpel. Kamar mencakup TV kabel layar datar. Ditawarkan pula fasilitas membuat teh dan kopi, serta minibar. Di hotel ini, Anda bisa menikmati koneksi internet di pusat bisnis. Tersedia layanan penukaran mata uang dan mesin ATM untuk kenyamanan Anda. Anda dapat mencicipi makanan Asia dan Barat di Harris Café sambil menikmati pemandangan kota Bandung dari teras outdoornya. Juice Bar menyajikan menu yang meliputi jus segar dan koktail. Tersedia layanan kamar."
RedDoorz Premium @ Bandung City Center,"Jl. Otto Iskandar Dinata No.3, Babakan Ciamis, Sumur Bandung, Sumurbandung, 40181 Bandung, Indonesia","Terletak di Bandung, 1,6 km dari Braga City Walk, RedDoorz Premium @ Bandung City Center menyediakan kamar-kamar dengan AC dan Wi-Fi gratis. Akomodasi ini menyediakan resepsionis 24 jam dan restoran. Akomodasi bebas-rokok ini berjarak 1,7 km dari Terminal Bus Stasiun Hall. Semua unit di hotel ini memiliki TV layar datar. Istana Merdeka berjarak 2,2 km dari RedDoorz Premium @ Bandung City Center, sedangkan Jalan Riau berjarak 2,8 km. Bandara terdekat adalah Bandara Husein Sastranegara, 6 km dari akomodasi.Sumurbandung adalah pilihan tepat buat wisatawan yang suka belanja baju, kuliner khas, dan hidangan lokal."
HARRIS Hotel & Conventions Ciumbuleuit – Bandung,"Jl. Ciumbuleuit No. 50-58, 40141 Bandung, Indonesia","HARRIS Hotel & Conventions Ciumbuleuit - Bandung terletak tepat di samping Universitas Parahyangan. Hotel ini menyediakan akses Wi-Fi gratis dan parkir gratis. Hotel menawarkan kamar-kamar yang nyaman dengan dekorasi warna oranye khas HARRIS Hotel. Kamar-kamar ber-AC-nya dilengkapi TV kabel layar datar, brankas, dan area untuk duduk bersantai. Terdapat juga minibar dan teko listrik. Kamar mandi dalamnya menyediakan shower, mantel mandi, dan pengering rambut. Anda dapat menikmati pemandangan gunung. HARRIS Hotel & Conventions Ciumbuleuit - Bandung mengoperasikan meja resepsionis 24 jam, dengan staf yang ramah dapat membantu Anda mengatur penitipan bagasi dan layanan laundry dengan biaya tambahan. Antar-jemput bandara dapat diatur dengan biaya tambahan. Terdapat juga pusat bisnis dan ruang rapat untuk kenyamanan Anda. Anda dapat menikmati layanan pijat di spa dan pusat kesehatan serta berolahraga di gym. Harris Café menyajikan pilihan masakan Indonesia dan internasional. Selain itu, Anda dapat menemukan banyak restoran di area sekitar Cihampelas dan Dago yang terkenal, yang dapat dijangkau dengan 15 menit berkendara. Hotel ini dapat dicapai dengan 15 menit berkendara dari stasiun kereta Bandung dan 30 menit berkendara dari Bandara Internasional Husein Sastranegara."
Zest Hotel Sukajadi Bandung,"Jalan Sukajadi No.16, Sukajadi, 40161 Bandung, Indonesia","Terletak 600 meter dari Paris Van Java, Zest Hotel Bandung yang menampilkan desain minimalis modern dan menawarkan sebuah restoran serta akses WiFi gratis di seluruh properti. Hotel ini memiliki teras dan menampilkan pemandangan kota. Anda juga dapat menikmati hidangan di restorannya. Tempat parkir pribadi di properti dapat digunakan secara gratis. Setiap kamar ber-AC Zest Hotel Bandung menawarkan TV layar datar, area tempat duduk, meja kerja dan kamar mandi dalam dengan shower, toilet, dan perlengkapan mandi gratis. Tersedia juga meja depan 24-jam dan fasilitas pertemuan/perjamuan di hotel. Gerbang Tol Pasteur terletak 2,9 km dari Zest Hotel Bandung, dan Stasiun KA Bandung berjarak 3 km. Bandara Husein Sastranegara berjarak 5 km. Untuk pilihan tempat bersantap, Citruz menawarkan hidangan sepanjang hari dengan beragam masakan khas Indonesia dan internasional. Sukajadi adalah pilihan tepat buat wisatawan yang suka kuliner khas, pemandangan, dan wisata kuliner."
Amaroossa Hotel Bandung Indonesia,"Jl. Aceh no 71A, Bandung Wetan, 40115 Bandung, Indonesia","Amaroossa Hotel Bandung Indonesia terletak di pusat Kota Bandung, serta hanya berselang 5 menit jalan kaki ke berbagai factory outlet di Jalan Riau. Hotel ini menawarkan sebuah kolam renang outdoor, Wi-Fi gratis, dan 6 pilihan tempat bersantap. Setiap kamar menampilkan dekorasi yang unik, serta dilengkapi dengan tempat tidur mewah, TV satelit layar datar, dan fasilitas menyetrika. Terdapat juga sebuah minibar, brankas pribadi, dan pengering rambut. Anda dapat berolahraga di pusat kebugaran modern atau menikmati perawatan khusus yang mencakup aromaterapi di Larenta Salon & Spa. Anak-anak dapat menemukan beragam permainan dan kegiatan di sudut anak-anak. Roses Coffee Shop yang elegan menyuguhkan berbagai pilihan kopi, sedangkan The Roosse Cake Bakery menyajikan kue-kue basah dan kering yang lezat. The Gardenia dikelilingi oleh tanaman hijau tropis, serta menampilkan suasana luar ruangan yang indah untuk bersantap. Aneka masakan khas Indonesia, China, dan Barat disajikan di restoran-restoran hotel yang buka sepanjang hari. Amaroosa Hotel Bandung dapat dicapai dalam waktu 25 menit berkendara dari Bandara Internasional Husein Sastranegara. Bandung Wetan adalah pilihan tepat buat wisatawan yang suka hidangan lokal, relaksasi, dan belanja baju."
U Janevalla Bandung,"Jalan Aceh No. 65, Bandung Wetan, 40115 Bandung, Indonesia","U Janevalla Bandung terletak di Bandung, dan hanya berjarak 900 meter dari Braga City Walk. Akomodasi ini memiliki kolam renang outdoor, pusat kebugaran, dan resepsionis 24 jam. Tempat-tempat menarik yang populer di sekitar hotel ini termasuk Gedung Sate dan Jalan Riau. Wi-Fi gratis ditawarkan. Di U Janevalla Bandung, kamar-kamar dilengkapi dengan meja, lemari, AC, dan TV layar datar. Kamar mandi pribadinya dilengkapi dengan bidet, perlengkapan mandi gratis, dan pengering rambut. Para tamu di U Janevalla Bandung dapat menikmati sarapan prasmanan di All Day Dining Restaurant, yang juga buka untuk makan siang dan makan malam. Terminal Bus Stasiun Hall dapat dicapai dengan 15 menit berjalan kaki dari hotel, sedangkan Pasar Baru Bandung berjarak 1,3 km dari akomodasi. Bandara terdekat adalah Bandara Husein Sastranegara, 4 km dari U Janevalla Bandung. Bandung Wetan adalah pilihan tepat buat wisatawan yang suka hidangan lokal, relaksasi, dan belanja baju."
Bukit Dago Hotel ,"Jl. Ir. H. Juanda No. 311, 40135 Bandung, Indonesia","Terletak di jantung kawasan Dago yang terkenal di Bandung, Bukit Dago Hotel menawarkan akomodasi nyaman dengan akses Wi-Fi gratis di seluruh area, serta parkir gratis bagi Anda yang berkendara. Hotel ini berjarak sekitar 5 menit berkendara dari factory outlet yang modis di kawasan Dago, dan sekitar 10 menit berkendara dari Stasiun KA Bandung. Bandara Internasional Husein Sastranegara dapat dijangkau dalam 20 menit berkendara. Setiap kamar ber-AC Bukit Dago Hotel menawarkan TV kabel, area tempat duduk, serta kamar mandi dalam yang menyediakan fasilitas shower air panas/dingin dan perlengkapan mandi gratis. Fasilitas lemari es mini dan bathtub hanya tersedia di kamar-kamar tertentu. Handuk dan seprai bersih juga disediakan. Fasilitas meja depan yang beroperasi 24 jam ini dapat membantu Anda untuk menikmati layanan penyewaan mobil dan layanan menyetrika dengan biaya tambahan. Restoran di Bukit Dago ini menawarkan pilihan tempat bersantap yang nyaman denhan suguhan menu sarapan serta hidangan Indonesia yang lezat."
M Premiere Hotel Dago Bandung,"Jl. Sultan Tirtayasa No. 5, Bandung Wetan, 40115 Bandung, Indonesia","M Premiere Hotel Dago Bandung menawarkan akomodasi dengan WiFi gratis di Bandung, 700 meter dari Gedung Sate. Anda dapat bersantap di restoran hotel, dan menikmati minuman di kedai kopi. Tempat parkir pribadi gratis tersedia di akomodasi. Masing-masing kamar ber-AC di hotel ini dilengkapi TV kabel layar datar, brankas pribadi, dan ketel listrik. Semua kamar memiliki area tempat duduk dan kamar mandi pribadi dengan shower. Fasilitas lainnya meliputi sandal dan perlengkapan mandi gratis. Hotel ini mengoperasikan meja depan 24 jam yang dapat membantu dengan layanan parkir valet dan penitipan bagasi. Layanan antar-jemput bandara pulang pergi dapat diatur dengan biaya tambahan. Jalan Riau berjarak 1,1 km dari M Premiere Hotel Dago Bandung, sementara Cihampelas Walk terletak sejauh 1,3 km. Bandara terdekat adalah Bandara Husein Sastranegara, 4 km dari hotel. Bandung Wetan adalah pilihan tepat buat wisatawan yang suka hidangan lokal, relaksasi, dan belanja baju."
Amaris Hotel Cihampelas,"Jl. Cihampelas No. 171, 40131 Bandung, Indonesia","Amaris Cihampelas menawarkan kamar-kamar yang modern dan minimalis dengan Wi-Fi gratis dan TV kabel layar datar. Akomodasi ini memiliki sebuah restoran 24 jam dan kolam renang indoor, dan hanya 15 menit berjalan kaki dari pusat kota. Amaris Hotel Cihampelas terletak di samping Pusat Konvensi Sabuga dan 15 menit berjalan kaki dari Ciwalk yang populer. Hotel yang menawarkan parkir gratis ini dapat dicapai dalam waktu 2 jam berkendara dari Jakarta. Menampilkan dekorasi kaya warna, kamar diperaboti dengan simpel dan ber-AC. Semua menawarkan kenyamanan dari adanya brankas, meja kerja, dan kamar mandi pribadi. Untuk bersantai, Anda bisa menikmati pijat relaksasi sementara anak-anak bermain di kolam renang indoor. Staf hotel bisa menyediakan penyewaan mobil dan layanan pramutamu. Hidangan prasmanan disajikan di restoran Amaris Hotel yang bernuansa kasual."
Meize Hotel Bandung,"Jl. Sumbawa No. 7, Sumurbandung, 40113 Bandung, Indonesia","Memiliki sebuah taman dengan area tempat duduk, Meize Hotel Bandung menawarkan lokasi yang strategis, hanya 1,1 km dari Jalan Riau dan Braga City Walk. Sebuah bar makanan ringan dan mini market juga tersedia di tempat ini. Wi-Fi gratis dapat diakses di seluruh area. Kamar-kamar ber-AC Meize Hotel Bandung dilengkapi TV satelit, ketel listrik dan brankas. Kamar mandi dalamnya menyediakan shower, handuk, sandal dan perlengkapan mandi gratis. Staf di meja depan 24-jam dapat membantu Anda dengan layanan faks/fotokopi. Bandara Husein Sastranegara berjarak 5 km dari Meize Hotel Bandung. Sumurbandung adalah pilihan tepat buat wisatawan yang suka belanja baju, kuliner khas, dan hidangan lokal."
UTC Bandung,"Jalan Ir. H.Djuanda, Bandung Wetan, 40171 Bandung, Indonesia","Menyediakan taman dan Wi-Fi gratis, UTC Bandung menawarkan akomodasi di Bandung. Anda dapat menikmati hidangan di restoran hotel atau dengan memesan layanan kamar. Tempat parkir pribadi tersedia gratis di lokasinya. Kamar-kamarnya yang sederhana memiliki AC dan TV layar datar. Beberapa unit memiliki area tempat duduk di mana Anda dapat bersantai. Setiap kamar menyediakan kamar mandi pribadi. Hotel ini menyediakan layanan meja depan 24 jam dan pramutamu. Gedung Sate berjarak 900 meter dari UTC Bandung, sedangkan Jalan Riau berjarak 1,2 km. Bandara Husein Sastranegara berjarak 4 km dari hotel. Bandung Wetan adalah pilihan tepat buat wisatawan yang suka hidangan lokal, relaksasi, dan belanja baju."
Hotel Citradream Bandung,"Jl. Pasir Kaliki No. 36 - 42, 40171 Bandung, Indonesia","Terletak tepat di jantung kota Bandung, Hotel Citradream Bandung menawarkan akomodasi nyaman yang menampilkan desain modern dan kontemporer serta akses WiFi gratis di seluruh areanya. Tersedia parkir gratis jika Anda membawa kendaraan. Dari properti, dibutuhkan waktu 10 menit berkendara ke daerah Cihampelas yang terkenal dan 15 menit berkendara ke kawasan Dago yang ramai. Dataran tinggi Lembang dicapai dalam 45 menit berkendara, sementara Bandara Internasional Husein Sastranegara berselang sekitar 30 menit dengan mobil. Setiap kamar di hotel ini menyediakan TV, AC, dan area tempat duduk. Kamar mandi pribadinya menawarkan shower, sandal, dan perlengkapan mandi gratis. Anda dapat menikmati pemandangan kota dari kamar. Fasilitas tambahannya meliputi saluran satelit. Di Hotel Citradream Bandung, Anda akan menemukan meja depan 24 jam. Fasilitas lain yang ditawarkan di akomodasi ini mencakup penitipan bagasi. Untuk pilihan bersantap, The Flavour Restaurant tersedia di hotel dan menyajikan aneka hidangan khas Indonesia serta internasional. Selain itu, Anda dapat menjelajahi daerah sekitarnya di mana berbagai restoran dapat ditemukan di Istana Plaza yang hanya berjarak 5 menit jalan kaki."
OYO 167 Dago's Hill Hotel,"Jalan Tubagus Ismail VIII No. 39 A, Sekeloa, Coblong, Dago, Asia Afrika, Braga, 40134 Bandung, Indonesia ","Menawarkan akses Wi-Fi gratis di seluruh area hotel, Dago's Hill Hotel, Business and Leisure berselang 10 menit berkendara dari daerah Dago yang menawarkan beragam factory outlet. Hotel ini memiliki sebuah kolam renang outdoor dan kamar-kamar modern dengan kamar mandi pribadi. Paris Van Java Shopping Mall berjarak 20 menit berkendara dari Dago's Hill Hotel. Bandara Husein Sastranegara dan Stasiun Pusat Bandung dapa dicapai dalam 30 menit berkendara. Dibutuhkan waktu 45 menit berkendara menuju Taman Hiburan Indoor Trans Studio dari properti ini. Semua kamarnya yang lengkap menawarkan lantai keramik dan AC. Setiap kamar memiliki meja, telepon, dan TV kabel layar datar. Tersedia brankas di kamar-kamar tertentu. Kamar mandi pribadinya menyediakan fasilitas shower. Beragam fasilitasnya mencakup layanan binatu dan fasilitas rapat/perjamuan. Staf di meja depan 24 jam juga dapat mengatur penyewaan mobil dan antar-jemput bandara. Hidangan Indonesia dan internasional disajikan di restoran hotel. Anda juga dapat menikmati santapan dalam kenyamanan kamar Anda."
Favehotel Hyper Square,"Jl. Pasir Kaliki No. 25-27, 40181 Bandung, Indonesia","Hanya berselang sekitar 5 menit jalan kaki dari Paskal Hyper Square Food Market di Bandung, favehotel Hyper Square menawarkan akomodasi yang nyaman dan modern dengan akses Wi-Fi gratis di semua area akomodasi dan layanan resepsionis 24 jam. Dibutuhkan sekitar 10 menit jalan kaki dari hotel ke Stasiun Kereta Bandung, dan sekitar 15 menit berkendara untuk mencapai Jalan Riau yang terdapat banyak factory outlet trendi. Bandara Internasional Husein Sastranegara berjarak sekitar 20 menit berkendara. Dapat diakses dengan lift, kamar-kamar di favehotel Hyper Square ber-AC dan dilengkapi dengan TV satelit layar datar serta lemari pakaian. Terdapat juga brankas pribadi, area tempat duduk, dan kamar mandi dalam dengan fasilitas shower, sandal, dan perlengkapan mandi gratis. Seprai dan handuk juga disediakan. Anda dapat menikmati pemandangan kota dari setiap kamar. Layanan pramutamu, penyimpanan bagasi gratis, dan taman ditawarkan di hotel ini. Fasilitas lainnya seperti antar-jemput bandara, layanan binatu, fasilitas pertemuan/perjamuan, dan di tempat parkir umum dapat tersedia dengan biaya tambahan. Untuk pilihan makan, restoran hotel menyajikan menu Indonesia, Barat, dan Cina. Anda juga dapat menikmati makanan di kamar dengan layanan kamar."
Casa De Apple,"Jalan Apel No. 2, Rancakendal, Dago RT/RW. 004/001, 40191 Bandung, Indonesia","Casa De Apple di Bandung menyediakan akomodasi khusus dewasa dengan layanan antar-jemput bandara berbayar, taman, lounge bersama, teras, restoran, layanan kamar, serta balkon dengan pemandangan taman. Semua kamarnya memiliki lemari pakaian, TV layar datar, kamar mandi pribadi, kulkas. Casa De Apple berjarak 4,1 km dari Dago Pakar, 6 km dari Jalan Riau, serta 10 km dari Bandara Husein Sastranegara."
Green Batara Hotel,"Jalan Cihampelas no 145, 40126 Bandung, Indonesia","Green Batara Hotel yang ramah lingkungan terletak di Bandung, tepat di seberang Cihampelas Walk. Hotel ini menawarkan sebuah pusat spa dan layanan meja depan 24-jam. Wi-Fi dapat diakses secara gratis di seluruh area resor. Masing-masing kamar Green Batara Hotel dilengkapi AC dan TV layar datar. Anda juga dapat menikmati secangkir teh sambil mengagumi pemandangan pegunungan atau kota dari balkon yang dihiasi tanaman. Semua kamar memiliki kamar mandi pribadi. Fasilitas lain yang ditawarkan termasuk jubah mandi, sandal, dan perlengkapan mandi gratis. Anda dapat mencicipi hidangan internasional dan lokal di restoran ataupun menikmati minuman di bar. Layanan kamar juga dapat dipesan untuk bersantap di dalam kamar. Staf properti dapat membantu Anda dengan layanan parkir valet dan penyimpanan bagasi. Gedung Sate terletak 1,8 km dari Green Batara Hotel, dan Jalan Riau berjarak 2,3 km. Bandara Husein Sastranegara berjarak 3 km dari hotel. Layanan transfer bandara dapat diatur sebelumnya dengan biaya tambahan."
Padma Hotel Bandung,"Jalan Ranca Bentang 56–58 Ciumbuleuit, 40142 Bandung, Indonesia","Padma Hotel Bandung menyuguhkan pemandangan pegunungan yang menawan, serta menawarkan sebuah kolam renang outdoor, spa, dan antar-jemput 2-arah gratis dari bandara atau stasiun kereta api. Hotel ini terletak di lereng bukit, serta menyediakan Wi-Fi gratis dan layanan pelayan pribadi 24-jam. Check-in dilakukan dalam kenyamanan kamar Anda. Beragam pilihan tempat perbelanjaan yang meliputi Paris Van Java Mall dan Ciwalk Mall dapat dicapai dalam waktu 15 menit berkendara dari hotel. Bandung Padma berselang 30 menit berkendara dari Bandara Internasional Husein Sastranegara. Kamar-kamar di Padma Hotel Bandung berlantai kayu, serta dilengkapi dengan TV layar datar 42 inci dan pemutar DVD. Kamar mencakup teh/kopi pagi dan teh sore. Hotel ini menawarkan berbagai kegiatan mingguan, di antaranya berjalan di atas tali dan olahraga mendaki. Anda dapat berolahraga di pusat kebugaran atau berendam di hot tub terbuka. Tersedia pula penyewaan mobil dan layanan binatu. Hidangan Asia dan Eropa dapat dinikmati di restoran hotel. Pilihan lainnya, area makan outdoor memberikan kesempatan bagi Anda untuk menikmati semilir angin pegunungan dan pemandangan kawasan hijau di sekitarnya."
Amaris Hotel Setiabudhi – Bandung,"Jl. Dr. Setiabudhi No. 156A, 40141 Bandung, Indonesia","Amaris Hotel Setiabudhi - Bandung terletak di Bandung, 1,5 km dari Villa Isola. Properti ini memiliki restoran dan meja depan 24-jam. Wi-Fi gratis dapat diakses di seluruh area akomodasi, dan tersedia tempat parkir pribadi gratis. Masing-masing kamar Amaris Hotel Setiabudhi - Bandung dilengkapi TV kabel layar datar. Semua kamar memiliki kamar mandi pribadi dengan shower, sandal dan perlengkapan mandi gratis. Cihampelas Walk berjarak 2,4 km dari Amaris Hotel Setiabudhi - Bandung, dan Gedung Sate terletak 4 km. Bandara Husein Sastranegara berjarak 3 km dari hotel."
OYO 230 Maleo Residence,"JI. Dangeur Indah II No. 15, Sukagalih, Sukajadi, Pasteur, Sukajadi, 40163 Bandung, Indonesia","OYO 230 Maleo Residence menawarkan akomodasi bintang 2 bebas rokok dengan balkon pribadi, AC, kamar mandi pribadi, serta Wi-Fi gratis di Bandung tepatnya 3,7 km dari Villa Isola. Kamar-kamar di hotel ini memiliki meja dan TV layar datar. Resepsionisnya yang fasih berbahasa Inggris dan Indonesia siap membantu Anda. OYO 230 Maleo Residence berjarak 5 km dari Cihampelas Walk, 6 km dari Terminal Bus Stasiun Hall, serta 2,8 km dari Bandara Husein Sastranegara. Sukajadi adalah pilihan tepat buat wisatawan yang suka kuliner khas, pemandangan, dan wisata kuliner."
Serela Cihampelas Hotel,"Jl. Cihampelas No. 147, 40131 Bandung, Indonesia","Terletak hanya 100 meter dari Cihampelas Walk, Serela Cihampelas Hotel menawarkan kamar-kamar mewah dengan akses WiFi gratis. Kamar-kamar ber-AC menawarkan TV kabel layar datar, area tempat duduk, dan meja kerja. Kamar mandi dalamnya menyediakan shower air panas dan dingin. Masakan internasional yang lezat disajikan di Kookabura Restaurant, dan Anda juga dapat memesan menggunakan layanan kamar 24-jam. Di Serela Cihampelas Hotel, Anda akan menemukan bagian penerima tamu 24-jam dan fasilitas rapat/perjamuan. Pijat relaksasi dapat diatur dengan biaya tambahan. Serela Cihampelas Hotel berjarak 45 menit berkendara dari Tangkuban Perahu. Bandara Internasional Husein Sastranegara dapat dijangkau dalam 15 menit berkendara."
Vio Veteran,"Jl. Veteran No. 32, Sumurbandung, 40112 Bandung, Indonesia","Vio Veteran menawarkan kamar-kamar bergaya minimalis dan berjarak 5 menit jalan kaki dari Bee Shopping Mall. Akses WiFi gratis tersedia di seluruh areanya. Masing-masing kamar di akomodasi ini dilengkapi dengan TV, meja, dan AC. Beberapa kamar menyediakan ketel listrik dan sofa. Kamar mandi pribadinya menawarkan shower, perlengkapan mandi gratis, dan sandal. Di Vio Veteran, Anda akan menemukan meja depan 24 jam dan taman. Ruang parkir pribadi tersedia berdasarkan pemesanan. Vio Veteran berjarak 15 menit naik mobil dari Trans Studio Bandung dan 50 menit berkendara dari Bandara Internasional Husein Sastranegara. Sumurbandung adalah pilihan tepat buat wisatawan yang suka belanja baju, kuliner khas, dan hidangan lokal."
OYO 794 Ln 9 Bandung Residence,"Jalan Lemahnendeut No 9, Sukajadi, 40164 Bandung, Indonesia ","Berlokasi nyaman di Sukajadi, Bandung, OYO 794 Ln 9 Bandung Residence berjarak 4,4 km dari Villa Isola, 5 km dari Mal Perbelanjaan Cihampelas Walk, dan 7 km dari Gedung Sate. Semua kamar memiliki TV satelit layar datar dan kamar mandi pribadi. Menyuguhkan pemandangan kota, kamar-kamarnya dilengkapi AC, meja, dan Wi-Fi gratis. Resepsionis 24 jam dapat berbahasa Inggris dan Indonesia. Jalan Riau berjarak 8 km dari hotel, sedangkan Braga City Walk berjarak 9 km. Bandara terdekat adalah Bandara Husein Sastranegara, 2,9 km dari OYO 794 Ln 9 Bandung Residence. Sukajadi adalah pilihan tepat buat wisatawan yang suka kuliner khas, pemandangan, dan wisata kuliner."
Kampioen Bed & Breakfast,"Jalan Doktor Gunawan, 40171 Bandung, Indonesia","Terletak di Bandung, 2,1 km dari pusat perbelanjaan Cihampelas Walk, Kampioen Bed & Breakfast menawarkan kamar-kamar ber-AC dan teras. Berbagai fasilitas akomodasi di antaranya adalah restoran, resepsionis 24 jam, layanan kamar, dan WiFi gratis. Akomodasi bebas-rokok ini berjarak 2,2 km dari Terminal Bus Stasiun Hall. Kamar-kamar di hotel ini dilengkapi dengan area tempat duduk. Di Kampioen Bed & Breakfast, semua kamar memiliki meja, TV layar datar, dan kamar mandi pribadi. Akomodasi menawarkan sarapan prasmanan atau Asia. Jalan Riau berjarak 2,6 km dari Kampioen Bed & Breakfast, sementara Braga City Walk terletak sejauh 2,9 km. Bandara terdekat adalah Bandara Husein Sastranegara, 3,9 km dari hotel."
YELLO Hotel Paskal Bandung,"Jalan Pasir kaliki No. 25 Bandung, 40181 Bandung, Indonesia","YELLO Hotel Paskal Bandung yang berdesain penuh gaya ini menawarkan akomodasi bergaya perkotaan dengan karya seni kontemporer, restoran di tempat, dan kolam renang luar ruangan. Hotel bintang 3 ini juga memiliki resepsionis 24 jam dan Wi-Fi gratis di seluruh areanya. Setiap kamar yang dirancang dengan warna-warna cerah ini dilengkapi TV layar datar, AC, kamar mandi pribadi dengan shower dan perlengkapan gratis. meja, serta area tempat duduk. Anda juga dapat memanfaatkan bermain permainan menyenangkan di ruang permainan umum. Anda dapat menikmati sarapan prasmanan setiap hari di YELLO Hotel Paskal Bandung. YELLO Hotel Paskal Bandung berjarak 1 km dari Pasar Baru Bandung dan 1,5 km dari Braga City Walk. Sedangkan Bandara Husein Sastranegara terletak sejauh 3 km."
THE 1O1 Bandung Dago,"Jalan Ir. H. Juanda no.3, Bandung Wetan, 40115 Bandung, Indonesia","THE 1O1 Bandung Dago memiliki lokasi yang strategis di daerah Dago yang populer di Bandung. Hotel ini menawarkan akomodasi yang trendi dan modern, serta akses Wi-Fi gratis di seluruh area hotel. Akomodasi hanya berselang 5 menit jalan kaki dari Pusat Perbelanjaan Bandung Indah Plaza dan 15 menit berkendara dari Balai Kota Gedung Sate yang terkenal. Mal Perbelanjaan Paris Van Java dapat dicapai dalam waktu 30 menit berkendara. Bandara Bandung juga berselang sekitar 30 menit berkendara. Kamar-kamar ber-AC di THE 1O1 Bandung Dago menampilkan desain modern dan trendi, serta dilengkapi dengan TV kabel layar datar, minibar, dan area tempat duduk yang mencakup meja. Semua kamar juga memiliki kamar mandi dalam yang menawarkan fasilitas shower air panas dan dingin, serta pengering rambut. Tersedia pula perlengkapan mandi gratis dan sandal. Hotel ini memiliki meja depan 24-jam yang meliputi layanan pramutamu dan layanan tata graha harian. Berbagai fasilitas lainnya - mencakup antar-jemput bandara, fasilitas rapat, penyewaan mobil, binatu, dan dry cleaning tersedia dengan biaya tambahan. Bandung Wetan adalah pilihan tepat buat wisatawan yang suka hidangan lokal, relaksasi, dan belanja baju."
Benua Hotel,"Jalan Pelajar Pejuang 45 no 111, 40264 Bandung, Indonesia","Berjarak sekitar 3 km dari Trans Studio Mall dan Museum Asia-Afrika, Benua Hotel menawarkan Wi-Fi di area umum dan menyediakan antar-jemput bandara dengan biaya tambahan. Kamar-kamar ber-AC-nya dilengkapi dengan TV layar datar, meja, dan area tempat duduk. Kamar mandi dalamnya menyediakan shower dan perlengkapan mandi gratis. Benua Hotel berjarak sekitar 5 km berkendara dari Gedung Sate dan sekitar 8 km dari Bandara Internasional Husein Sastranegara. Melalui meja depan 24 jam, Anda dapat memesan layanan antar-jemput di sekitar Bandung dengan biaya tambahan. Hotel ini juga memiliki fasilitas rapat dan perjamuan. Restoran menyajikan masakan khas Indonesia di hotel."
Gino Feruci Kebon Jati Bandung,"Jalan Kebon Jati 71 - 75, 40171 Bandung, Indonesia","Gino Feruci Kebon Jati Bandung terletak di pusat kota Kota Bandung, 10 menit berjalan kaki dari kawasan perbelanjaan Pasar Baru. Akomodasi ini menawarkan spa, 2 pilihan tempat bersantap, dan internet gratis. Gino Feruci Kebon Jati Bandung juga berselang 10 menit jalan kaki dari Stasiun Kereta Bandung. Bandara Husein Sastranegara dapat dijangkau dalam 20 menit berkendara dari hotel. Setiap kamar dilengkapi dengan TV kabel dan fasilitas membuat teh/kopi. Kamar-kamarnya juga memiliki kamar mandi pribadi dengan perlengkapan mandi. Anda dapat bernyanyi di D'Dragon Karaoke, berolahraga di gym, serta memanjakan diri dengan perawatan spa di My Place dengan biaya tambahan. King Dynasty Restaurant menyajikan Dim Sum dan masakan Cina otentik. Minuman dan anggur yang lezat dapat dinikmati di 1906 Wine & Cigar Lounge."
Hotel Cemerlang,"Jalan HOS. Tjokroaminoto No 45 (Pasirkaliki), 40171 Bandung, Indonesia","Menawarkan kamar-kamar dengan AC, Hotel Cemerlang terletak di Ciroyom, Bandung, 1,7 km dari Terminal Bus Stasiun Hall. Akomodasi ini menyediakan restoran, resepsionis 24 jam, layanan kamar, dan Wi-Fi gratis. Akomodasi bebas-rokok ini terletak 3,4 km dari Mal Perbelanjaan Cihampelas Walk. Setiap kamar di hotel ini memiliki meja, TV, dan kamar mandi pribadi. Kamar-kamarnya menyediakan kulkas. Hotel Cemerlang menawarkan sarapan kontinental atau prasmanan. Braga City Walk berjarak 3,7 km dari akomodasi, sedangkan Jalan Riau berjarak 3,8 km. Bandara terdekat adalah Bandara Husein Sastranegara, 4,4 km dari Hotel Cemerlang."
Grand Setiabudi Hotel,"Jl. Setiabudi 130-134, 40141 Bandung, Indonesia","Grand Setiabudi Hotel merupakan hotel bintang 4 yang terletak di jantung Kota Bandung. Hotel ini menawarkan kenyamanan modern dengan kolam renang outdoor, pusat kebugaran dan Wi-Fi gratis di seluruh area. Anda dapat menikmati pijat santai di dalam kenyamanan kamar. Grand Setiabudi Hotel berjarak 5 menit berkendara dari banyak factory outlet ternama di sepanjang Jalan Setiabudi. Rumah Sosis Restaurant dapat dijangkau dengan berkendara 10 menit dan Paris Van Java dalam 15 menit. Kamar-kamar Grand Setiabudi Hotel yang elegan menampilkan lantai keramik dan pencahayaan hangat. Semua kamar dilengkapi TV kabel layar datar, brankas, dan lemari es. Anda dapat bersantai di area tempat duduk atau di balkon pribadi yang menghadap ke kota dan pegunungan. Grand Setiabudi Hotel yang bebas-rokok ini menyediakan meja depan 24-jam, arena bermain anak-anak, dan fasilitas tenis meja untuk rekreasi Anda. Fasilitas lain termasuk layanan binatu dan faks/fotokopi, juga tempat parkir gratis. Anda dapat menikmati masakan Indonesia dan Barat yang disajikan di Blooming Restaurant, yang juga menyediakan layanan kamar."
Tebu Hotel Bandung,"Jl. L. L. R. E. Martadinata No. 62, Bandung Wetan, 40115 Bandung, Indonesia","Tebu Hotel Bandung menyediakan sebuah retoran dan hanya berjarak 3 menit berkendara dari pusat kota Dago yang menawarkan berbagai pilihan tempat perbelanjaan dan bersantap. Wi-Fi dapat diakses secara gratis di seluruh area properti. Kamar-kamar ber-AC Tebu Hotel Bandung yang menghadap ke kota dilengkapi TV kabel layar datar, brankas, dan meja. Setiap kamar mandi dalamnya menyediakan shower, handuk, dan perlengkapan mandi gratis. Tebu Hotel Bandung dapat dijangkau dalam 45 menit berkendara dari Gunung Tangkuban Perahu dan 1,5 jam berkendara dari Bandara Husein Sastranegara. Staf di meja depan 24-jam dapat membantu Anda dengan layanan penitipan bagasi, permintaan binatu, dan parkir valet. Berbagai fasilitas lainnya di dalam kompleks hotel termasuk ruang rapat, surat kabar, dan brankas. Sugar Restaurant menyajikan masakan Indonesia serta menawarkan layanan kamar. Bandung Wetan adalah pilihan tepat buat wisatawan yang suka hidangan lokal, relaksasi, dan belanja baju."
FOX Lite Hotel Metro Indah Bandung,"Jalan Soekarno Hatta No. 590, 40286 Bandung, Indonesia","Terletak hanya 5 km dari Trans Studio Mall dan Trans Studio Bandung Indoor Theme Park, Hotel Metro Indah Bandung (Associated FOX HARRIS) menawarkan akomodasi yang nyaman dengan akses WiFi gratis di semua area. Setiap kamar dilengkapi dengan AC dan TV kabel layar datar. Kamar-kamar tertentu menyuguhkan pemandangan gunung, sementara yang lainnya menyuguhkan pemandangan kota. Kamar mandi pribadi memiliki shower, sandal, dan perlengkapan mandi gratis. Fasilitas lain yang tersedia di akomodasi ini juga meliputi resepsionis 24 jam dengan staf ramah yang dapat membantu mengatur pijat relaksasi dan perawatan spa, layanan antar-jemput bandara, serta akses ke pusat kebugaran dengan biaya tambahan untuk Anda. Untuk pilihan tempat bersantap, Cilantro Restaurant menyajikan sarapan, makan siang, dan makan malam dengan hidangan Indonesia yang lezat. Hotel Metro Indah Bandung (Associated FOX HARRIS) berjarak 30 menit berkendara dari daerah Dago yang terkenal, dan sekitar 15 km dari Bandara Internasional Husein Sastranegara."
Aston Braga Hotel & Residence Bandung ,"Jl. Braga 99 - 101, Sumurbandung, 40111 Bandung, Indonesia","Menjulang tinggi di atas Kota Braga, Aston Residence Bandung menawarkan kamar-kamar dan apartemen modern dengan internet gratis. Selain menyediakan parkir gratis, hotel juga memiliki kolam renang di puncak gedung dengan bar kolam renang serta sebuah restoran. Aston Hotel & Residence Braga Bandung dapat dicapai dalam waktu 10 menit berkendara dari Stasiun Kereta Bandung dan Pasar Baru. Hotel berjarak 20 menit berkendara dari Bandara Husein Sastranegara. Kamar-kamar elegan di Aston Braga didekorasi dalam warna-warna netral yang menyenangkan serta perabotan kayu gelap nan modern. Apartemen menawarkan dapur berperalatan lengkap serta area duduk yang luas dengan sofa. Sore santai bisa dihabiskan di kolam renang outdoor puncak gedung atau dengan berjalan-jalan di Braga City Walk di sebelah hotel. Staf yang ramah menyediakan bagian penerima tamu 24 jam serta layanan pramutamu. Selain menawarkan sarapan prasmanan, Tos Raos Coffee Shop juga menyajikan hidangan Indonesia dan Barat. Setelah bersantap, kunjungi Poyan Pool Bar atau Carios Lounge untuk hidangan ringan. Sumurbandung adalah pilihan tepat buat wisatawan yang suka belanja baju, kuliner khas, dan hidangan lokal."
Sukajadi Hotel and Gallery,"Jl. Sukajadi No.176, Sukajadi, 40161 Bandung, Indonesia","Sukajadi Hotel menawarkan akomodasi butik yang dapat dicapai dengan berjalan kaki dari Paris Van Java, mal berkonsep terbuka terbesar di Bandung. Hotel ini menawarkan taman tropis, serta memiliki kolam renang outdoor dan restoran 24 jam. Kamar-kamar di Sukajadi menampilkan perabotan kayu dengan dekorasi bernuansa lokal. Tiap kamar dilengkapi TV satelit, kulkas, dan fasilitas membuat teh/kopi. Kamar mandi pribadinya menyediakan shower air panas/dingin. Anda dapat menikmati karya seni lokal di galeri seni. Hotel ini memiliki meja depan 24 jam serta pusat bisnis dengan layanan internet. Layanan binatu dan parkir valet juga tersedia. Suka Restaurant menyajikan masakan khas Indonesia dan Eropa, dengan menawarkan tempat bersantap udara terbuka yang menampilkan pemandangan kolam renang. Layanan kamar tersedia 24 jam. Sukajadi Hotel berselang 10 menit berkendara dari bandara Husein Sastranegara Bandung. Stasiun kereta api Bandung dapat dicapai dengan 15 menit berkendara, sedangkan Jakarta dapat dijangkau dengan 2 jam berkendara. Sukajadi adalah pilihan tepat buat wisatawan yang suka kuliner khas, pemandangan, dan wisata kuliner."
Mercure Bandung Nexa Supratman,"Jl. W.R Supratman No. 66 - 68, Bandung Wetan, 40122 Bandung, Indonesia","Berlokasi strategis dalam jarak 700 meter dari daerah Jalan Riau yang terkenal dan dipenuhi jajaran toko factory outlet, Nexa Hotel menawarkan meja depan 24 jam dan sebuah kolam renang indoor. Akses WiFi tersedia gratis di seluruh areanya. Dilengkapi dengan lantai keramik, kamar-kamar ber-AC di hotel ini menyediakan TV layar datar, brankas pribadi, dan area tempat duduk. Semua kamar juga dilengkapi dengan meja, fasilitas membuat teh/kopi, dan lemari. Kamar mandi dalamnya menyediakan pengering rambut, sandal, dan perlengkapan mandi gratis. Anda dapat menikmati pemandangan kota dari dalam kamar. Aneka pilihan hidangan Indonesia, Asia, dan internasional yang lezat disajikan di Simpati Restaurant. Pilihan bersantap lainnya dapat ditemukan di Jalan Riau, sedangkan toko terdekat hanya berselang 3 menit berkendara. Di Nexa Hotel, Anda dapat menemui pramutamu untuk mengatur layanan penitipan bagasi gratis. Tersedia pula fasilitas rapat/perjamuan dan pusat bisnis untuk kenyamanan Anda. Hotel ini dapat dicapai dalam 3 menit berkendara dari Gedung Sate dan Museum Geologi. Bandara terdekat adalah Bandara Husein Sastranegara yang berselang 15 menit berkendara dari properti. Bandung Wetan adalah pilihan tepat buat wisatawan yang suka hidangan lokal, relaksasi, dan belanja baju."
Hotel Kedaton,"Jl. Suniaraja No. 14 , 40211 Bandung, Indonesia","Kolam renang outdoor dan kamar-kamar ber-AC yang modern menanti Anda di Hotel Kedaton, yang berjarak 30 menit berkendara dari Paris Van Java Shopping Mall. Anda dapat berolahraga di gym, atau memanjakan diri dengan layanan pijat relaksasi. Wi-Fi gratis dapat diakses di seluruh areanya. Terletak di jantung Kota Bandung, Hotel Kedaton berjarak 15 menit berkendara dari Stasiun Kereta Api Bandung dan 30 menit berkendara dari Bandara Hussein Sastranegara. Layanan penjemputan bandara dan kereta gratis ditawarkan berdasarkan permintaan. Obyek wisata populer Tangkuban Perahu berjarak 1,5 jam berkendara dari properti. Kamar-kamarnya yang trendi menawarkan tata cahaya yang hangat dan jendela-jendela besar. Masing-masing kamar menghadap ke kota serta dilengkapi dengan TV layar datar, minibar, dan lemari es Kamar-kamar tertentu memiliki area tempat duduk dengan sofa yang mewah. Kamar mandi dalamnya menyediakan shower dan perlengkapan mandi. Anda dapat memanjakan diri dengan perawatan di spa. Penitipan bagasi tersedia di meja depan 24-jam, sementara rencana perjalanan dapat dilakukan di meja layanan wisata. Samara Coffee Shop yang buka selama 24 jam menyajikan beragam makanan ringan dan masakan Indonesia."
Garden Permata Hotel,"Jl. Lemah Nendeut No 7 Setrasari, Sukajadi, 40164. Bandung, Indonesia","Berjarak 10 menit berkendara dari Pusat Kota Bandung, Garden Permata Hotel menawarkan sebuah kolam renang outdoor dan spa. Akses Wi-Fi gratis tersedia. Kamar-kamar dilengkapi dengan minibar, fasilitas membuat teh/kopi, dan TV kabel. Kamar mandi dalamnya menyediakan perlengkapan mandi gratis dan fasilitas shower. Anda dapat menikmati pijat relaksasi atau pergi ke gym untuk berolahraga.Hotel ini memiliki pusat bisnis dan meja depan 24 jam. Garden Permata Hotel berjarak 15 menit berkendara dari Bandara Husein Sastranegara serta Stasiun Kereta Api Bandung. Garden View Restaurant menyajikan beragam hidangan khas Indonesia, China, dan internasional. Hiburan live dapat dinikmati setiap malam di Panorama Bar and Lounge. Sukajadi adalah pilihan tepat buat wisatawan yang suka kuliner khas, pemandangan, dan wisata kuliner."
Dago 207,"Jl. Ir. H. Juanda No. 207, 40135 Bandung, Indonesia","Dago 207 hanya berselang 5 menit berkendara dari berbagai factory outlet yang modis di daerah Dago, serta menawarkan akomodasi nyaman, akses Wi-Fi gratis di seluruh area hotel, dan tempat parkir gratis di lokasi akomodasi bagi Anda yang berkendara. Hotel ini dapat dicapai dalam waktu 15 menit berkendara dari Gua Jepang yang bersejarah dan 20 menit berkendara dari Mal Perbelanjaan Cihampelas Walk. Bandara Internasional Husein Sastranegara berselang sekitar 45 menit berkendara. Semua kamar di Dago 207 ber-AC serta dilengkapi dengan TV satelit layar datar, ketel listrik, dan air mineral kemasan. Setiap kamar juga memiliki kamar mandi dalam yang menampilkan fasilitas shower air panas dan dingin, serta peralatan mandi gratis. Tata graha harian, lounge bersama, dan dapur bersama dapat ditemukan di akomodasi ini. Terdapat juga sebuah minimarket di dalam kompleks hotel. Sarapan disajikan di kamar. Untuk pilihan tempat bersantap lainnya, Anda bisa menjelajahi daerah sekitarnya di mana beragam restoran dan kafe dapat ditemukan hanya dalam waktu 10 menit berkendara dari akomodasi."
Neo MORITZ Homestay,"Jl. Kebon Jati No. 35 Komplek Luxor Permai Belakang Pasar, 40181 Bandung, Indonesia","neo MORITZ Homestay menawarkan akomodasi dengan restoran, taman, bar, dan teras di Bandung tepatnya 300 meter dari Terminal Bus Stasiun Hall. Jika ingin bepergian tanpa banyak beban, Anda dapat menggunakan handuk dan seprai dengan biaya tambahan. Sarapan halal tersedia setiap pagi di homestay. neo MORITZ Homestay berjarak 1,4 km dari Istana Merdeka, 1,5 km dari Braga City Walk, serta 5 km dari Bandara Husein Sastranegara."
